genuine_user_id,raw_index,clean_index,score_clean
0,0,0,0.0
0,1,1,0.0
0,2,2,0.0
0,3,3,0.09298851983987
0,4,4,0.0
0,5,5,0.1598681735969961
0,6,6,0.07027636833108108
0,7,7,0.0
0,8,8,0.09123509015030308
0,9,9,0.0
0,10,10,0.0
0,11,11,0.0
0,12,12,0.1706218570532851
0,13,13,0.0
0,14,14,0.0
0,15,15,0.0
0,16,16,0.0
0,17,17,0.09298851983987001
0,18,18,0.062385990820410485
0,19,19,0.09298851983987001
0,20,20,0.0
0,21,21,0.03548032287536476
0,22,22,0.0
0,23,23,0.0
0,24,24,0.09298851983987001
0,25,25,0.0
0,26,26,0.09298851983987001
0,27,27,0.02024006208753571
0,28,28,0.06727475010409739
0,29,29,0.0
0,30,30,0.0
0,31,31,0.006244868090487391
0,32,32,0.06910616717817347
0,33,33,0.0
0,34,34,0.0
0,35,35,0.0
0,36,36,0.0
0,38,37,0.0
0,39,38,0.0
0,40,39,0.00996182218879703
0,41,40,0.0
0,42,41,0.14959945155204615
0,43,42,0.0
0,44,43,0.0
0,45,44,0.0
0,47,45,0.09298851983987001
0,48,46,0.0
0,49,47,0.09298851983987001
0,50,48,0.0
0,51,49,0.0
0,52,50,0.0
0,53,51,0.0
0,54,52,0.0
0,55,53,0.0
0,56,54,0.09298851983987
0,57,55,0.0
0,58,56,0.0
0,59,57,0.2546825602549816
0,60,58,0.0
0,61,59,0.09298851983987
0,62,60,0.0
0,63,61,0.0
0,64,62,0.0
0,65,63,0.005372085317399308
0,66,64,0.09298851983987001
0,67,65,0.09298851983986996
0,68,66,0.0
0,69,67,0.0
0,70,68,0.09298851983987
0,71,69,0.0
0,72,70,0.12437463609760643
0,73,71,0.0
0,75,72,0.0
0,76,73,0.0
0,77,74,0.1279144873453702
0,78,75,0.0
0,79,76,0.009396771807512192
0,80,77,0.0
0,81,78,0.00019413758377556696
0,82,79,0.0
0,83,80,0.0
0,84,81,0.0
0,85,82,0.0
0,86,83,0.09298851983986996
0,87,84,0.0
0,88,85,0.0
0,89,86,0.0
0,90,87,0.09298851983987001
0,91,88,0.0
0,92,89,0.09298851983987001
0,93,90,0.0
0,94,91,0.0
0,95,92,0.0
0,96,93,0.09298851983986996
0,97,94,0.0
0,98,95,0.0
0,99,96,0.00039010349972948445
0,100,97,0.0
0,101,98,0.0
0,102,99,0.0
0,103,100,0.09298851983987001
0,104,101,0.0
0,105,102,0.0
0,106,103,0.0
0,107,104,0.12094742726653206
0,108,105,0.0
0,110,106,0.07262715960522025
0,111,107,0.1309332870186752
0,112,108,0.0
0,113,109,0.0
0,114,110,0.09298851983986996
0,115,111,0.0
0,116,112,0.0
0,117,113,0.09298851983987001
0,118,114,0.0
0,119,115,0.09298851983986996
0,120,116,0.09298851983987001
0,121,117,0.0
0,122,118,0.12475529906309886
0,123,119,0.0
0,124,120,0.0
0,125,121,0.0
0,126,122,0.0
0,127,123,0.22849659713586018
0,128,124,0.15472903970191598
0,129,125,0.0832744652502387
0,130,126,0.0
0,131,127,0.09298851983987001
0,132,128,0.00018320435550567242
0,133,129,0.09298851983987001
0,134,130,0.0
0,135,131,0.0
0,136,132,0.0
0,137,133,0.12288218790230362
0,138,134,0.0
0,139,135,0.03539291995081924
0,140,136,0.0
0,141,137,0.0
0,142,138,0.0
0,143,139,0.0
0,144,140,0.0
0,145,141,0.0
0,146,142,0.0
0,147,143,0.0
0,148,144,0.09298851983987001
0,149,145,0.09298851983987001
0,150,146,0.0
0,151,147,0.0
0,152,148,0.0
0,153,149,0.0
0,154,150,0.09298851983987001
0,155,151,0.0005258083742073358
0,156,152,0.0
0,157,153,0.0
0,158,154,0.0
0,159,155,0.0
0,160,156,0.16399713682964623
0,161,157,0.0
0,162,158,0.0
0,163,159,0.0
0,164,160,0.0
0,165,161,0.0
0,166,162,0.0
0,167,163,0.0
0,168,164,0.09298851983987001
0,169,165,0.09298851983986996
0,170,166,0.0
0,171,167,0.0
0,172,168,0.0
0,173,169,0.0
0,174,170,0.0
0,175,171,0.09298851983986996
0,176,172,0.0
0,177,173,0.09298851983987001
0,178,174,0.0
0,179,175,0.09298851983987001
0,180,176,0.0
0,181,177,0.0
0,182,178,0.0
0,184,179,0.0
0,185,180,0.0
0,186,181,0.0
0,187,182,0.0
0,188,183,0.09298851983987001
0,189,184,0.09298851983986996
0,190,185,0.0434673474782398
0,191,186,0.0
0,192,187,0.0
0,193,188,0.013743387322335003
0,195,189,0.09298851983986996
0,196,190,0.0
0,197,191,0.09298851983987
0,198,192,0.0
0,199,193,0.0
0,200,194,0.0
0,201,195,0.0
0,202,196,0.06955158309091314
0,203,197,0.09298851983987001
0,204,198,0.16777881864726513
0,205,199,0.0
0,206,200,0.0
0,207,201,0.09298851983986996
0,208,202,0.0
0,209,203,0.0
0,210,204,0.0
0,211,205,0.0
0,212,206,0.0
0,213,207,0.09298851983987001
0,214,208,0.10857698190549081
0,215,209,0.0
0,216,210,0.0
0,217,211,0.09298851983987001
0,218,212,0.0
0,219,213,0.0
0,220,214,0.0
0,221,215,0.0
0,222,216,0.0
0,223,217,0.032832171611666364
0,224,218,0.0
0,225,219,0.09298851983987001
0,226,220,0.0
0,227,221,0.09298851983987
0,228,222,0.0
0,229,223,0.09298851983987001
0,230,224,0.09298851983987001
0,231,225,0.07249631558227514
0,232,226,0.0
0,233,227,0.0
0,234,228,0.0
0,235,229,0.0
0,236,230,0.09298851983986996
0,237,231,0.09298851983987001
0,238,232,0.23669428548866908
0,239,233,0.0
0,240,234,0.09298851983987001
0,241,235,0.09298851983986994
0,242,236,0.0
0,243,237,0.0
0,244,238,0.09467285797120742
0,245,239,0.0
0,246,240,0.030372513837313958
0,247,241,0.0
0,248,242,0.09298851983987001
0,249,243,0.09298851983987001
0,250,244,0.21014673574804213
0,251,245,0.00774948470529044
0,252,246,0.011356925743684852
0,253,247,0.0
0,254,248,0.0
0,255,249,0.0
0,256,250,0.0
0,257,251,0.09298851983987001
0,258,252,0.0
0,259,253,0.14450893236393056
0,260,254,0.0
0,261,255,0.0
0,262,256,0.0
0,263,257,0.00769613708022767
0,264,258,0.0
0,265,259,0.06955740403348748
0,266,260,0.04995030165076777
0,267,261,0.0
0,268,262,0.0
0,269,263,0.0
0,270,264,0.09298851983987001
0,271,265,0.0
0,272,266,0.06637084828394316
0,273,267,0.09298851983986996
0,274,268,0.09298851983986996
0,275,269,0.0
0,276,270,0.0611326245442039
0,277,271,0.05831647946989039
0,278,272,0.07862977049837076
0,279,273,0.0
0,280,274,0.0
0,281,275,0.006556482113389044
0,282,276,0.0
0,283,277,0.0
0,285,278,0.11254722370221448
0,286,279,0.0
0,287,280,0.0
0,288,281,0.0
0,289,282,0.0
0,290,283,0.0015292933786968626
0,291,284,0.0
0,292,285,0.0016746411492954733
0,293,286,0.0
0,294,287,0.09082309972250874
0,295,288,0.0
0,296,289,0.0
0,297,290,0.09298851983987001
0,298,291,0.0
0,299,292,0.09298851983986996
0,300,293,0.1338119036842134
0,301,294,0.0
0,302,295,0.09298851983987001
0,303,296,0.09298851983986996
0,304,297,0.030043774653252923
0,305,298,0.0
0,306,299,0.0
0,307,300,0.09298851983987001
0,308,301,0.0
0,309,302,0.0
0,310,303,0.0
0,311,304,0.0
0,312,305,0.0
0,313,306,0.10210262581701325
0,314,307,0.012253929432521857
0,315,308,0.0
0,316,309,0.0
0,317,310,0.0
0,318,311,0.0
0,319,312,0.05823877254744508
0,320,313,0.0
0,321,314,0.012135055769717393
0,322,315,0.010665046295048615
0,323,316,0.09738827455074285
0,324,317,0.1308542041408338
0,325,318,0.0
0,326,319,0.0
0,327,320,0.0
0,328,321,0.09298851983987001
0,329,322,0.0
0,330,323,0.12172710484752342
0,331,324,0.10841083525329445
0,332,325,0.0
0,333,326,0.015591230726296031
0,334,327,0.0
0,335,328,0.04679719355250348
0,336,329,0.0513056477517114
0,337,330,0.0
0,338,331,0.0
0,339,332,0.0
0,340,333,0.09298851983987001
0,341,334,0.08888427066771938
0,342,335,0.09459140206273339
0,343,336,0.0
0,344,337,0.0
0,345,338,0.09298851983987001
0,346,339,0.0
0,348,340,0.0
0,349,341,0.09298851983987001
0,350,342,0.0
0,351,343,0.0
0,352,344,0.09298851983987001
0,353,345,0.1071474324240232
0,354,346,0.0
0,355,347,0.0
0,356,348,0.0
0,357,349,0.0
0,358,350,0.2791290908847782
0,359,351,0.0
0,360,352,0.09298851983986996
0,361,353,0.0
0,362,354,0.0
0,363,355,0.0
0,364,356,0.0
0,365,357,0.014027854568930857
0,366,358,0.06750316141224835
0,367,359,0.0
0,368,360,0.0
0,369,361,0.0
0,370,362,0.0
0,371,363,0.0
0,372,364,0.08312158340298094
0,373,365,0.0
0,374,366,0.0903455152713903
0,375,367,0.09298851983987001
0,376,368,0.0
0,377,369,0.0
0,378,370,0.09298851983987001
0,379,371,0.0
0,380,372,0.12440288587035085
0,381,373,0.0
0,382,374,0.0
0,383,375,0.0
0,384,376,0.0
0,385,377,0.2639389163740834
0,386,378,0.013225814075188237
0,387,379,0.0
0,390,380,0.0
0,391,381,0.0
0,392,382,0.0
0,393,383,0.0
0,394,384,0.09298851983987001
0,395,385,0.0
0,396,386,0.0
0,397,387,0.09298851983987001
0,398,388,0.028697686922372786
0,399,389,0.09298851983987001
0,400,390,0.0
0,401,391,0.0
0,402,392,0.0
0,403,393,0.0
0,404,394,0.0
0,405,395,0.015234069775911376
0,406,396,0.09298851983987001
0,407,397,0.0
0,408,398,0.11921639930619564
0,409,399,0.0658452537662202
0,410,400,0.06172229678144
0,411,401,0.09298851983987001
0,412,402,0.0
0,413,403,0.10035583474706164
0,414,404,0.037416507009275096
0,415,405,0.09298851983987001
0,416,406,0.0
0,417,407,0.0
0,418,408,0.0
0,419,409,0.00044161714745093313
0,420,410,0.05812603464569413
0,421,411,0.009530603639554677
0,422,412,0.0
0,423,413,0.0
0,424,414,0.0
0,425,415,0.09298851983987001
0,426,416,0.0
0,427,417,0.0
0,428,418,0.0
0,429,419,0.0
0,430,420,0.26815373143489346
0,431,421,0.0
0,432,422,0.10197215625238683
0,433,423,0.0
0,434,424,0.0
0,435,425,0.09298851983987001
0,436,426,0.0
0,437,427,0.00012096595611850539
0,438,428,0.0
0,439,429,0.0
0,440,430,0.0
0,441,431,0.0
0,443,432,0.0
0,444,433,0.07395338053954915
0,445,434,0.09298851983987001
0,446,435,0.0
0,447,436,0.09298851983986996
0,448,437,0.09298851983987001
0,449,438,0.09298851983987001
0,450,439,0.0
0,451,440,0.0
0,452,441,0.0
0,453,442,0.0
0,454,443,0.0
0,455,444,0.0007558735816333861
0,456,445,0.0022382187298180473
0,457,446,0.0
0,458,447,0.0
0,459,448,0.0
0,460,449,0.0
0,461,450,0.09298851983987001
0,462,451,0.09298851983987001
0,463,452,0.0029537849634833
0,464,453,0.010915504816110554
0,465,454,0.0
0,466,455,0.0
0,467,456,0.0
0,468,457,0.0
0,469,458,0.0
0,470,459,0.09298851983987001
0,471,460,0.0
0,472,461,0.12239200592260362
0,473,462,0.11218794980394167
0,474,463,0.0
0,475,464,0.0
0,476,465,0.0
0,477,466,0.09298851983987001
0,478,467,0.0
0,479,468,0.0
0,480,469,0.09298851983986996
0,481,470,0.0
0,482,471,0.0
0,483,472,0.0
0,484,473,0.09298851983987001
0,485,474,0.09298851983986996
0,486,475,0.0
0,487,476,0.09298851983987001
0,489,477,0.0
0,490,478,0.011343387529739929
0,491,479,0.0
0,492,480,0.0
0,493,481,0.0
0,494,482,0.09298851983986996
0,495,483,0.0
0,496,484,0.0
0,497,485,0.0
0,498,486,0.0
0,499,487,0.0
0,500,488,0.09298851983987001
0,501,489,0.0007441963829515459
0,502,490,0.0
0,503,491,0.0
0,504,492,0.0
0,505,493,0.0
0,506,494,0.0
0,507,495,0.09298851983987
0,508,496,0.09298851983986996
0,509,497,0.0006709763075453221
0,510,498,0.0
0,511,499,0.09298851983987001
0,512,500,0.0
0,513,501,0.0
0,515,502,0.0
0,516,503,0.0
0,517,504,0.0
0,518,505,0.0040728829979766465
0,519,506,0.09298851983986996
0,520,507,0.09298851983987001
0,521,508,0.2299978339814755
0,522,509,0.0004619448580358541
0,523,510,0.09298851983986996
0,524,511,0.09298851983986994
0,525,512,0.0
0,526,513,0.09182585292115769
0,527,514,0.0
0,528,515,0.0
0,529,516,0.0
0,530,517,0.1642530253751177
0,531,518,0.0
0,532,519,0.0
0,533,520,0.0
0,534,521,0.0
0,535,522,0.057258084516426035
0,536,523,0.0
0,537,524,0.09298851983987001
0,538,525,0.0
0,539,526,0.014179815546388641
0,540,527,0.0
0,541,528,0.0
0,542,529,0.0
0,543,530,0.09298851983986996
0,544,531,0.09298851983987001
0,545,532,0.0
0,546,533,0.0
0,547,534,0.09298851983987001
0,548,535,0.0
0,549,536,0.22090460242441423
0,550,537,0.0
0,551,538,0.0
0,552,539,0.09298851983987001
0,553,540,0.0
0,554,541,0.09298851983986996
0,555,542,0.09298851983987001
0,556,543,0.09298851983987
0,557,544,0.0
0,558,545,0.0
0,559,546,0.0
0,560,547,0.0
0,561,548,0.08058737208379828
0,562,549,0.0
0,563,550,0.0
0,564,551,0.09298851983986996
0,565,552,0.0
0,566,553,0.0
0,567,554,0.09298851983987001
0,568,555,0.0
0,569,556,0.0
0,570,557,0.0
0,571,558,0.0
0,572,559,0.0
0,573,560,0.0
0,574,561,0.0
0,575,562,0.0
0,576,563,0.1997049031767942
0,578,564,0.09298851983987001
0,579,565,0.07548713983111696
0,580,566,4.882113380128442e-06
0,581,567,0.0
0,582,568,0.0
0,583,569,0.09263431301118964
0,584,570,0.07585285988830137
0,585,571,0.0
0,586,572,0.012308681746197593
0,587,573,0.0
0,588,574,0.0
0,589,575,0.08986022551977567
0,590,576,0.0
0,591,577,0.0
0,592,578,0.06658201670015884
0,593,579,0.0
0,594,580,0.0
0,595,581,0.0
0,596,582,0.09298851983987001
0,597,583,0.0
0,598,584,0.011586176041881242
0,599,585,0.0
0,600,586,0.0
0,601,587,0.0
0,602,588,0.0
0,603,589,3.921495292505522e-05
0,604,590,0.0
0,605,591,0.0
0,606,592,0.0
0,607,593,0.0
0,608,594,0.0
0,609,595,0.0
0,610,596,0.0
0,611,597,0.0
0,612,598,0.0
0,613,599,0.0
0,614,600,0.0
0,615,601,0.09298851983987001
0,616,602,0.0
0,617,603,0.0
0,618,604,0.09298851983987001
0,619,605,0.17733070726915875
0,620,606,0.1359272173039151
0,621,607,0.006030931285226793
0,622,608,0.0
0,624,609,0.011029800809145661
0,625,610,0.0
0,626,611,0.09298851983987001
0,627,612,0.0
0,628,613,0.09298851983987001
0,629,614,0.013339326434927612
0,630,615,0.09298851983987001
0,631,616,0.002017173735907304
0,632,617,0.0
0,633,618,0.0
0,634,619,0.0
0,635,620,0.0
0,636,621,0.09298851983987001
0,637,622,0.0
0,638,623,0.0
0,639,624,0.0
0,641,625,0.0
0,642,626,0.10765074977280019
0,643,627,0.0
0,644,628,0.0
0,645,629,0.0
0,646,630,0.0
0,647,631,0.0
0,649,632,0.0
0,650,633,0.09298851983987001
0,651,634,0.0
0,652,635,0.0
0,653,636,0.0
0,654,637,0.0
0,655,638,0.0
0,656,639,0.09298851983986996
0,657,640,0.0
0,658,641,0.0
0,659,642,0.0
0,660,643,0.06774112892581675
0,661,644,0.0
0,662,645,0.09298851983987001
0,663,646,0.0
0,664,647,0.0
0,665,648,0.0
0,666,649,0.0
0,667,650,0.0
0,668,651,0.09298851983986996
0,669,652,0.026772549501572002
0,670,653,0.0
0,671,654,0.0
0,672,655,0.0
0,673,656,0.0
0,674,657,0.0
0,675,658,0.0
0,676,659,0.060670152872112436
0,677,660,0.09298851983987001
0,678,661,0.09298851983987001
0,679,662,0.0
0,680,663,0.0
0,681,664,0.0
0,682,665,0.0
0,683,666,0.0
0,684,667,0.0
0,685,668,0.0
0,686,669,0.09298851983987001
0,687,670,0.00024486655482194045
0,688,671,0.2143939242946982
0,689,672,0.0
0,690,673,0.0
0,691,674,0.09298851983987001
0,692,675,0.0
0,693,676,0.0
0,694,677,0.0
0,695,678,0.0
0,696,679,0.08654696034956252
0,697,680,0.0
0,698,681,0.09298851983987001
0,699,682,0.0
0,700,683,0.0
0,701,684,0.0
0,702,685,0.0
0,703,686,0.0
0,704,687,0.0
0,705,688,0.0
0,706,689,0.0
0,707,690,0.0
0,708,691,0.011801198807136344
0,709,692,0.0
0,710,693,0.0
0,711,694,0.009038864318096373
0,712,695,0.0
0,713,696,0.0
0,714,697,0.08880862151320902
0,715,698,0.0
0,716,699,0.0
0,717,700,0.07813480070670491
0,718,701,0.08064135957760415
0,719,702,0.0
0,720,703,0.09298851983987
0,721,704,0.0
0,722,705,0.09298851983987001
0,723,706,0.0
0,724,707,0.09298851983987001
0,725,708,0.09298851983987001
0,726,709,0.0
0,727,710,0.0
0,728,711,0.0
0,729,712,0.09298851983987001
0,730,713,0.09298851983987001
0,731,714,0.0
0,732,715,0.08664667575877914
0,733,716,0.0
0,734,717,0.0
0,735,718,0.015337275528713385
0,736,719,0.0
0,737,720,0.09298851983986996
0,738,721,0.09298851983987001
0,739,722,0.11493494683458358
0,740,723,0.0
0,741,724,0.0
0,742,725,0.0
0,743,726,0.0
0,744,727,0.0
0,745,728,0.0
0,746,729,0.09298851983987001
0,747,730,0.0
0,748,731,0.07676412898980063
0,749,732,0.09298851983987001
0,750,733,0.0
0,751,734,0.0
0,752,735,0.0
0,753,736,0.0
0,754,737,0.0
0,755,738,0.0
0,756,739,0.09298851983986996
0,757,740,0.0
0,758,741,0.0
0,759,742,0.0
0,760,743,0.0
0,761,744,0.0
0,762,745,0.011617172100864256
0,763,746,0.09298851983987001
0,764,747,0.0
0,765,748,0.08420724492939462
0,766,749,0.2205215928321263
0,767,750,0.06917755559463737
0,768,751,0.0
0,769,752,0.08803146063912663
0,770,753,0.09298851983987001
0,771,754,0.14111463017547313
0,772,755,0.0
0,773,756,0.09298851983987001
0,774,757,0.09298851983987
0,775,758,0.09709006338923262
0,776,759,0.006748680670551327
0,777,760,0.0
0,778,761,0.8396984492637269
0,779,762,0.0
0,780,763,0.0
0,781,764,0.09298851983987001
0,782,765,0.02580048132193668
0,783,766,0.09298851983987001
0,784,767,0.0
0,785,768,0.0
0,787,769,0.09298851983987001
0,788,770,0.09298851983987001
0,789,771,0.0
0,790,772,0.0
0,791,773,0.0
0,792,774,0.08978767843616345
0,793,775,0.0
0,794,776,0.0
0,795,777,0.0
0,796,778,0.09298851983987001
0,797,779,0.0
0,798,780,0.0
0,799,781,0.0
0,800,782,0.09298851983987001
0,801,783,0.0010003960976836626
0,802,784,0.021271542048243542
0,803,785,0.09298851983986996
0,804,786,0.0
0,806,787,0.034703284485185615
0,807,788,0.0
0,808,789,0.0
0,809,790,0.0
0,810,791,0.0
0,811,792,0.0
0,812,793,0.0
0,813,794,0.0
0,814,795,0.0
0,815,796,0.0
0,816,797,0.0
0,817,798,0.0
0,818,799,0.0
0,819,800,0.0
0,820,801,0.0
0,821,802,0.09298851983987001
0,822,803,0.0
0,823,804,0.0024135666805291524
0,824,805,0.09298851983986996
0,825,806,0.0
0,826,807,0.0
0,827,808,0.0
0,828,809,0.0
0,829,810,0.0
0,830,811,0.0
0,831,812,0.0
0,832,813,0.0
0,833,814,0.0
0,834,815,0.0901187189203469
0,835,816,0.0
0,836,817,0.009346934377311034
0,837,818,0.0
0,838,819,0.0
0,839,820,0.0
0,840,821,0.09298851983987001
0,841,822,0.05073961312448434
0,842,823,0.10549105365741164
0,844,824,0.0
0,845,825,0.0
0,846,826,0.09298851983986994
0,847,827,0.0
0,848,828,0.09298851983987001
0,849,829,0.09298851983987001
0,850,830,0.0
0,851,831,0.0822865798081659
0,852,832,0.0
0,853,833,0.01721685557355251
0,854,834,0.0
0,855,835,0.0
0,856,836,0.0
0,857,837,0.0828712091001383
0,858,838,0.0
0,859,839,0.0
0,860,840,0.09298851983987001
0,861,841,0.09298851983987001
0,863,842,0.0
0,864,843,0.0
0,865,844,0.0
0,866,845,0.0
0,867,846,0.09435403075559082
0,868,847,0.0
0,869,848,0.0
0,870,849,0.009090741889517613
0,871,850,0.0
0,872,851,0.0
0,873,852,0.09298851983987001
0,874,853,0.07047712489732492
0,875,854,0.0
0,876,855,0.0
0,877,856,0.0
0,878,857,0.09298851983987001
0,879,858,0.0
0,880,859,0.0
0,881,860,0.09584345661021598
0,882,861,0.0
0,883,862,0.0
0,884,863,0.0
0,885,864,0.0
0,886,865,0.0
0,887,866,0.08307366874991745
0,888,867,0.1099313804221581
0,889,868,0.0
0,890,869,0.0
0,891,870,0.0
0,892,871,0.0
0,893,872,0.09298851983987001
0,894,873,0.03067359061945277
0,895,874,0.0
0,896,875,0.09323689331384492
0,897,876,0.09228555145208014
0,898,877,0.0
0,899,878,0.0
0,901,879,0.0
0,902,880,0.056038994352687346
0,903,881,0.0
0,904,882,0.0
0,905,883,0.0
0,906,884,0.0
0,907,885,0.09298851983987001
0,908,886,0.010021264340447816
0,909,887,0.0
0,910,888,0.0
0,911,889,0.0
0,912,890,0.0
0,913,891,0.0
0,915,892,0.0
0,916,893,0.0
0,917,894,0.09298851983987001
0,918,895,0.0
0,919,896,0.0
0,920,897,0.0
0,921,898,0.0
0,922,899,0.0
0,923,900,0.2651981306863092
0,924,901,0.09298851983987001
0,925,902,0.0
0,926,903,0.0
0,927,904,0.009714255425852627
0,928,905,0.0
0,929,906,0.09146487255287034
0,930,907,0.0
0,931,908,0.0
0,932,909,0.0
0,933,910,0.09499414837879477
0,935,911,0.12418695911042196
0,936,912,0.0
0,938,913,0.0
0,939,914,0.0
0,940,915,0.0
0,941,916,0.0
0,942,917,0.1833763158487753
0,943,918,0.0
0,944,919,0.0
0,945,920,0.0
0,946,921,0.0
0,947,922,0.09298851983987001
0,948,923,0.00033941353281111424
0,949,924,0.0
0,950,925,0.0
0,951,926,0.15343939752652805
0,952,927,0.0036360292766010956
0,953,928,0.0
0,954,929,0.0
0,955,930,0.0
0,956,931,0.0
0,957,932,0.0
0,958,933,0.09298851983987001
0,959,934,0.09298851983986996
0,960,935,0.0
0,961,936,0.0
0,962,937,0.0
0,963,938,0.0
0,964,939,0.0
0,965,940,0.0
0,966,941,0.0
0,967,942,0.005025925176215145
0,968,943,0.0
0,969,944,0.0
0,970,945,0.0
0,971,946,0.09298851983987001
0,972,947,0.0
0,973,948,0.0
0,974,949,0.0
0,975,950,0.0
0,976,951,0.06064144814287429
0,977,952,0.0
0,978,953,0.0
0,979,954,0.09298851983987001
0,980,955,0.0
0,981,956,0.0
0,982,957,0.09298851983987001
0,983,958,0.0
0,984,959,0.0
0,986,960,0.0
0,987,961,0.0
0,988,962,0.0
0,989,963,0.4137218524666687
0,990,964,0.0
0,991,965,0.09298851983987001
0,992,966,0.0
0,993,967,0.0
0,994,968,0.0
0,995,969,0.0
0,996,970,0.0
0,997,971,0.0
0,998,972,0.0
0,999,973,0.0
0,1000,974,0.011997305927002029
0,1001,975,0.0
0,1002,976,0.0
0,1003,977,0.08414125870809806
0,1004,978,0.09298851983987001
0,1005,979,0.09298851983987001
0,1006,980,0.18501305548311098
0,1007,981,0.0003990377978600273
0,1008,982,0.07539005663620134
0,1009,983,0.0
0,1010,984,0.0
0,1011,985,0.09298851983986996
0,1012,986,0.09298851983986996
0,1013,987,0.0
0,1014,988,0.05184304505984342
0,1015,989,0.0
0,1016,990,0.0
0,1017,991,0.0
0,1018,992,0.0
0,1019,993,0.0
0,1020,994,0.0
0,1021,995,0.1516606609475151
0,1022,996,0.0
0,1023,997,0.17608744438794158
0,1024,998,0.0
0,1025,999,0.18516929906693808
0,1026,1000,0.0
0,1027,1001,0.0
0,1028,1002,0.0
0,1029,1003,0.0
0,1030,1004,0.0
0,1031,1005,0.09298851983987001
0,1032,1006,0.15825774911946147
0,1033,1007,0.0
0,1034,1008,0.0
0,1035,1009,0.09298851983987
0,1036,1010,0.0
0,1037,1011,0.09298851983987001
0,1038,1012,0.0
0,1039,1013,0.011994884820375593
0,1040,1014,0.0
0,1041,1015,0.0
0,1042,1016,0.0
0,1043,1017,0.0
0,1045,1018,0.0005972117766131397
0,1046,1019,0.09298851983987001
0,1047,1020,0.08595942511567245
0,1048,1021,0.0
0,1049,1022,0.09120067587290277
0,1050,1023,0.0
0,1051,1024,0.0
0,1052,1025,0.0
0,1053,1026,0.09298851983987001
0,1054,1027,0.0013459190102995604
0,1055,1028,0.0
0,1056,1029,0.0
0,1057,1030,0.0
0,1058,1031,0.02587940473491517
0,1059,1032,0.09298851983987001
0,1060,1033,0.07044158256167635
0,1061,1034,0.0
0,1062,1035,0.0
0,1063,1036,0.0
0,1064,1037,0.0
0,1065,1038,0.0
0,1066,1039,0.0
0,1067,1040,0.0
0,1068,1041,0.0
0,1069,1042,0.0
0,1070,1043,0.09298851983987001
0,1071,1044,0.0
0,1072,1045,0.0175815015093931
0,1073,1046,0.0
0,1074,1047,0.0
0,1075,1048,0.0
0,1076,1049,0.0
0,1077,1050,0.0
0,1078,1051,0.06090542540346119
0,1079,1052,0.0
0,1080,1053,0.0
0,1081,1054,0.0
0,1082,1055,0.0
0,1083,1056,0.0
0,1084,1057,0.0
0,1085,1058,0.0
0,1086,1059,0.09298851983987001
0,1087,1060,0.0
0,1088,1061,0.0
0,1089,1062,0.0
0,1090,1063,0.09298851983987001
0,1091,1064,0.09298851983986996
0,1092,1065,0.17235937946779184
0,1094,1066,0.0
0,1095,1067,0.09298851983987001
0,1096,1068,0.09298851983987001
0,1098,1069,0.2393435113252753
0,1100,1070,0.0
0,1101,1071,0.09298851983987001
0,1102,1072,0.07993017874028303
0,1103,1073,0.0
0,1104,1074,0.09621142091323026
0,1105,1075,0.0
0,1106,1076,0.0
0,1107,1077,0.0
0,1108,1078,0.0
0,1109,1079,0.0
0,1110,1080,0.08880331145720179
0,1111,1081,0.0
0,1112,1082,0.09298851983987001
0,1113,1083,0.0
0,1114,1084,0.0
0,1115,1085,0.0
0,1116,1086,0.09298851983986996
0,1117,1087,0.0
0,1118,1088,0.0
0,1119,1089,0.0
0,1120,1090,0.11229076221756677
0,1121,1091,0.09298851983987001
0,1122,1092,0.0006180149755019681
0,1123,1093,0.09298851983987001
0,1124,1094,0.0
0,1125,1095,0.0
0,1126,1096,0.0
0,1127,1097,0.09298851983987001
0,1128,1098,0.0
0,1129,1099,0.09298851983987001
0,1130,1100,0.0
0,1131,1101,0.0
0,1132,1102,0.09298851983987001
0,1133,1103,0.0
0,1134,1104,0.0063258805916824624
0,1135,1105,0.0
0,1136,1106,0.0
0,1137,1107,0.0
0,1138,1108,0.3731602254274031
0,1139,1109,0.09298851983987
0,1140,1110,0.0
0,1141,1111,0.09298851983987001
0,1142,1112,0.0
0,1143,1113,0.08462346294072755
0,1144,1114,0.09298851983986996
0,1145,1115,0.0
0,1146,1116,0.09298851983987001
0,1147,1117,0.0
0,1148,1118,0.0
0,1149,1119,0.0
0,1150,1120,0.0
0,1151,1121,0.0
0,1152,1122,0.11664528206245019
0,1153,1123,0.09298851983987001
0,1154,1124,0.0
0,1155,1125,0.07392432390131184
0,1156,1126,0.0
0,1157,1127,0.0
0,1158,1128,0.09298851983987001
0,1159,1129,0.0
0,1160,1130,0.0
0,1161,1131,0.0005374667646371582
0,1162,1132,0.0
0,1163,1133,0.0
0,1164,1134,0.09298851983987
0,1165,1135,0.09298851983987001
0,1166,1136,0.09298851983987
0,1167,1137,0.0
0,1168,1138,0.0
0,1169,1139,0.0718150640531362
0,1170,1140,0.09298851983987001
0,1171,1141,0.0
0,1172,1142,0.08211819433109067
0,1173,1143,0.0
0,1174,1144,0.01235734379216377
0,1175,1145,0.0
0,1176,1146,0.3129465680266669
0,1177,1147,0.001767260650236003
0,1178,1148,0.09298851983987001
0,1179,1149,0.0
0,1180,1150,0.0
0,1182,1151,0.0
0,1183,1152,0.0
0,1184,1153,0.0
0,1185,1154,0.0
0,1186,1155,0.0
0,1187,1156,0.0
0,1188,1157,0.0
0,1189,1158,0.0
0,1190,1159,0.06311289971387499
0,1191,1160,0.017281783043060925
0,1192,1161,0.0
0,1193,1162,0.0
0,1194,1163,0.07188636036096903
0,1195,1164,0.0
0,1196,1165,0.0
0,1197,1166,0.0
0,1198,1167,0.0
0,1199,1168,0.09298851983987001
0,1200,1169,0.0
0,1201,1170,0.0
0,1202,1171,0.0
0,1203,1172,0.0
0,1204,1173,0.0
0,1205,1174,0.0
0,1206,1175,0.0
0,1207,1176,0.0
0,1208,1177,0.09298851983987001
0,1210,1178,0.0
0,1211,1179,0.0
0,1212,1180,0.0
0,1213,1181,0.09298851983987001
0,1214,1182,0.006229295806032685
0,1215,1183,0.0
0,1216,1184,0.0
0,1217,1185,0.0
0,1218,1186,0.03622338145277811
0,1219,1187,0.0
0,1220,1188,0.13269925607232086
0,1221,1189,0.09298851983987001
0,1222,1190,0.0
0,1223,1191,0.09298851983987001
0,1224,1192,0.09298851983987001
0,1225,1193,0.0
0,1226,1194,0.0
0,1227,1195,0.09298851983987001
0,1228,1196,0.0
0,1229,1197,0.008725013858717037
0,1230,1198,0.09298851983987001
0,1231,1199,0.09298851983987001
0,1232,1200,0.011637928521799337
0,1233,1201,0.0
0,1234,1202,0.0
0,1235,1203,0.0
0,1236,1204,0.0
0,1237,1205,0.0
0,1238,1206,0.09298851983987001
0,1239,1207,0.16611823412540563
0,1240,1208,0.0
0,1241,1209,0.03173439363619623
0,1242,1210,0.0
0,1243,1211,0.0
0,1244,1212,0.0
0,1245,1213,0.0
0,1246,1214,0.09298851983987001
0,1247,1215,0.11036342197915885
0,1248,1216,0.0
0,1249,1217,0.0
0,1250,1218,0.0968085473901754
0,1251,1219,0.0
0,1252,1220,0.0
0,1253,1221,0.09298851983986996
0,1254,1222,0.09298851983987001
0,1255,1223,0.0
0,1256,1224,0.0
0,1257,1225,0.0
0,1258,1226,0.09298851983986996
0,1259,1227,0.09298851983986996
0,1260,1228,0.0
0,1261,1229,0.16632470885592562
0,1262,1230,0.09298851983987001
0,1263,1231,0.09298851983987001
0,1264,1232,0.0
0,1265,1233,0.01308003227596034
0,1266,1234,0.09298851983987001
0,1267,1235,0.0
0,1268,1236,0.00039262493917887356
0,1269,1237,0.0
0,1270,1238,0.0
0,1271,1239,0.0
0,1272,1240,0.011038061828537392
0,1273,1241,0.0
0,1274,1242,0.09298851983987001
0,1275,1243,0.014539671339669607
0,1276,1244,0.0
0,1277,1245,0.0
0,1278,1246,0.0
0,1279,1247,0.0
0,1280,1248,0.0
0,1281,1249,0.10076990194639547
0,1282,1250,0.0
0,1283,1251,0.0
0,1284,1252,0.1547005716590411
0,1285,1253,0.0
0,1286,1254,0.0
0,1287,1255,0.0
0,1288,1256,0.0
0,1289,1257,0.004031330874582007
0,1290,1258,0.0
0,1291,1259,0.0
0,1292,1260,0.0013691784504360838
0,1293,1261,0.09298851983987001
0,1294,1262,0.09298851983987001
0,1295,1263,0.09298851983986996
0,1296,1264,0.0
0,1297,1265,0.0
0,1298,1266,0.0
0,1299,1267,0.0
0,1300,1268,0.0
0,1301,1269,0.0
0,1302,1270,0.09298851983987001
0,1303,1271,0.0
0,1304,1272,0.0
0,1306,1273,0.0
0,1307,1274,0.0
0,1308,1275,0.0076922464390517375
0,1309,1276,0.0
0,1310,1277,0.005053671353309615
0,1311,1278,0.09298851983987001
0,1312,1279,0.0
0,1313,1280,0.0
0,1314,1281,0.0
0,1315,1282,0.0
0,1316,1283,0.0
0,1317,1284,0.08011885800443727
0,1318,1285,0.0
0,1319,1286,0.1018357809716419
0,1320,1287,0.0
0,1321,1288,0.0
0,1322,1289,0.0
0,1323,1290,0.0
0,1324,1291,0.0
0,1325,1292,0.09298851983987001
0,1326,1293,0.0
0,1327,1294,0.0
0,1328,1295,0.0
0,1329,1296,0.055983666463575645
0,1330,1297,0.01228448541805802
0,1331,1298,0.07849627554303724
0,1332,1299,0.0
0,1333,1300,0.04266911018703574
0,1334,1301,0.0
0,1335,1302,0.09298851983987001
0,1336,1303,0.0
0,1337,1304,0.0
0,1338,1305,0.0
0,1339,1306,0.09055161909464021
0,1340,1307,0.09298851983987001
0,1341,1308,0.0
0,1342,1309,0.09298851983987001
0,1343,1310,0.0
0,1345,1311,0.0
0,1346,1312,0.0
0,1347,1313,0.0
0,1348,1314,0.09298851983986996
0,1349,1315,0.0
0,1350,1316,0.0
0,1351,1317,0.0
0,1352,1318,0.0
0,1353,1319,0.19449841770700724
0,1354,1320,0.09298851983987001
0,1355,1321,0.0
0,1356,1322,0.0
0,1357,1323,0.0
0,1358,1324,0.0
0,1359,1325,0.0
0,1360,1326,0.0028419153290008695
0,1361,1327,0.0
0,1362,1328,0.09298851983987001
0,1363,1329,0.0
0,1364,1330,0.0
0,1365,1331,0.0
0,1366,1332,0.06651105670024283
0,1367,1333,0.046795882450732997
0,1368,1334,0.0
0,1369,1335,0.09298851983986996
0,1370,1336,0.0
0,1371,1337,0.0
0,1372,1338,0.0
0,1373,1339,0.09298851983986996
0,1374,1340,0.09298851983987001
0,1375,1341,0.05947227229787809
0,1376,1342,0.0
0,1377,1343,0.09298851983987001
0,1378,1344,0.09298851983987001
0,1379,1345,0.005863918477403832
0,1380,1346,0.0
0,1381,1347,0.09298851983986996
0,1382,1348,0.18334611482256763
0,1383,1349,0.09298851983987001
0,1384,1350,0.48985207013290183
0,1385,1351,0.5411538515623843
0,1386,1352,0.09298851983987001
0,1387,1353,0.0
0,1388,1354,0.0
0,1389,1355,0.0
0,1390,1356,0.07075486376320386
0,1391,1357,0.0
0,1392,1358,0.0
0,1393,1359,0.00482519624256122
0,1394,1360,0.0
0,1395,1361,0.09298851983987001
0,1396,1362,0.06414865306966548
0,1397,1363,0.0101263795093056
0,1398,1364,0.0
0,1399,1365,0.0851882052906181
0,1400,1366,0.0
0,1401,1367,0.08081639135856925
0,1402,1368,0.09298851983987001
0,1403,1369,0.0
0,1404,1370,0.0
0,1405,1371,0.0011963810673357147
0,1406,1372,0.09298851983987001
0,1407,1373,0.0
0,1408,1374,0.0
0,1409,1375,0.0
0,1410,1376,0.09996946946961413
0,1411,1377,0.013811401529447417
0,1412,1378,0.0
0,1413,1379,0.0
0,1414,1380,0.0
0,1415,1381,0.0
0,1416,1382,0.0
0,1417,1383,0.09298851983986994
0,1418,1384,0.03707423934649913
0,1419,1385,0.0
0,1420,1386,0.0
0,1421,1387,0.0
0,1422,1388,0.09298851983987
0,1423,1389,0.0
0,1424,1390,0.2195972308456338
0,1425,1391,0.09327707132789198
0,1426,1392,0.0
0,1427,1393,0.09298851983987001
0,1428,1394,0.0
0,1429,1395,0.0
0,1430,1396,6.625646534293582e-06
0,1431,1397,0.0
0,1432,1398,0.0
0,1433,1399,0.09298851983987001
0,1434,1400,0.0
0,1435,1401,0.09298851983987001
0,1436,1402,0.0
0,1437,1403,0.0002613509050943609
0,1438,1404,0.0
0,1439,1405,0.09298851983987001
0,1440,1406,0.0
0,1441,1407,0.0
0,1442,1408,0.0
0,1443,1409,0.09298851983987001
0,1444,1410,0.0
0,1446,1411,0.0
0,1447,1412,0.0
0,1448,1413,0.0037545032119630033
0,1449,1414,0.12808250936624857
0,1450,1415,0.0
0,1451,1416,0.0
0,1452,1417,0.0
0,1453,1418,0.0
0,1454,1419,0.0
0,1455,1420,0.0
0,1456,1421,0.0
0,1457,1422,0.09298851983987001
0,1458,1423,0.0
0,1459,1424,0.008234482035777202
0,1460,1425,0.0
0,1461,1426,0.018172552227962196
0,1462,1427,0.0
0,1463,1428,0.0
0,1464,1429,0.0
0,1465,1430,0.17458276666269917
0,1466,1431,0.0
0,1467,1432,0.0941013317033408
0,1468,1433,0.09298851983987001
0,1469,1434,0.0
0,1470,1435,0.0
0,1471,1436,0.0
0,1472,1437,0.0
0,1473,1438,0.005865863980889552
0,1474,1439,0.0
0,1476,1440,0.0
0,1477,1441,0.09298851983987001
0,1478,1442,0.09298851983987001
0,1479,1443,0.0
0,1480,1444,0.0
0,1481,1445,0.13217088986397485
0,1482,1446,0.0
0,1483,1447,0.0
0,1484,1448,0.34371274394871726
0,1485,1449,0.0
0,1486,1450,0.0
0,1487,1451,0.0015235293979209042
0,1488,1452,0.09298851983987001
0,1489,1453,0.09298851983987001
0,1490,1454,0.0
0,1491,1455,0.0
0,1492,1456,0.006744175182689215
0,1493,1457,0.0
0,1494,1458,0.01260186423409388
0,1495,1459,0.09298851983987001
0,1496,1460,0.0
0,1497,1461,0.08864244124762559
0,1498,1462,0.09298851983987001
0,1499,1463,0.0
0,1500,1464,0.0
0,1501,1465,0.013517441924303224
0,1502,1466,0.0
0,1503,1467,0.0
0,1504,1468,0.0
0,1505,1469,0.0
0,1506,1470,0.0
0,1507,1471,0.0
0,1508,1472,0.0
0,1509,1473,0.0
0,1510,1474,0.0
0,1511,1475,0.0
0,1512,1476,0.08507331596831151
0,1513,1477,0.09298851983987001
0,1514,1478,0.008997181552108364
0,1515,1479,0.0
0,1516,1480,0.011558691164895612
0,1517,1481,0.0
0,1518,1482,0.09298851983987001
0,1519,1483,0.0
0,1520,1484,0.0
0,1521,1485,0.11763822168306381
0,1522,1486,0.0
0,1524,1487,0.0
0,1525,1488,0.0
0,1526,1489,0.0
0,1527,1490,0.0
0,1528,1491,0.0
0,1529,1492,0.0
0,1530,1493,0.0
0,1531,1494,0.033955761774865666
0,1532,1495,0.0
0,1533,1496,0.0
0,1534,1497,0.0
0,1535,1498,0.09298851983987001
0,1536,1499,0.0
0,1537,1500,0.0
0,1538,1501,0.0
0,1539,1502,0.0
0,1540,1503,0.09143118687832845
0,1541,1504,0.0
0,1542,1505,0.09298851983987001
0,1543,1506,0.09298851983987001
0,1544,1507,0.0
0,1545,1508,0.08021510068548864
0,1546,1509,0.0
0,1547,1510,0.0
0,1548,1511,0.0
0,1549,1512,0.0
0,1550,1513,0.0
0,1551,1514,0.0
0,1552,1515,0.0
0,1553,1516,0.0
0,1554,1517,0.09298851983987
0,1555,1518,0.0
0,1556,1519,0.10240586239822881
0,1557,1520,0.0
0,1558,1521,0.0
0,1559,1522,0.0
0,1560,1523,0.0
0,1561,1524,0.007140074075074002
0,1562,1525,0.0
0,1564,1526,0.09298851983987001
0,1565,1527,0.003461936165971966
0,1566,1528,0.0
0,1567,1529,0.06276397507713528
0,1568,1530,0.0
0,1569,1531,0.004452395438692815
0,1570,1532,0.0
0,1571,1533,0.0
0,1572,1534,0.0
0,1573,1535,0.08690232776347713
0,1574,1536,0.0
0,1575,1537,0.09298851983987001
0,1576,1538,0.0
0,1577,1539,0.09298851983987001
0,1578,1540,0.09298851983987001
0,1579,1541,0.008858172135027964
0,1580,1542,0.09298851983987001
0,1581,1543,0.0
0,1582,1544,0.07478790675892395
0,1583,1545,0.0
0,1584,1546,0.09298851983987001
0,1585,1547,0.09298851983987001
0,1586,1548,0.0
0,1587,1549,0.0009446615220546761
0,1588,1550,0.0
0,1589,1551,0.0
0,1590,1552,0.0
0,1591,1553,0.0
0,1592,1554,0.09298851983987001
0,1593,1555,0.0
0,1594,1556,0.0
0,1595,1557,0.0
0,1596,1558,0.0
0,1597,1559,0.001687752332668928
0,1598,1560,0.01132046076022843
0,1599,1561,0.0019203642937704885
0,1600,1562,0.0
0,1601,1563,0.09298851983987001
0,1602,1564,0.0
0,1603,1565,0.0
0,1604,1566,0.0
0,1605,1567,0.0
0,1606,1568,0.7644848097652179
0,1607,1569,0.0
0,1608,1570,0.0
0,1609,1571,0.09298851983987001
0,1610,1572,0.0
0,1611,1573,0.0
0,1612,1574,0.09548758214676101
0,1613,1575,0.0
0,1614,1576,0.0
0,1615,1577,0.0
0,1616,1578,0.0007419452777487008
0,1617,1579,0.0
0,1618,1580,0.0
0,1619,1581,0.0
0,1620,1582,0.09298851983987001
0,1621,1583,0.0
0,1622,1584,0.0
0,1623,1585,0.0
0,1624,1586,0.0
0,1625,1587,0.0
0,1626,1588,0.0
0,1627,1589,0.09298851983987001
0,1628,1590,0.1630150182584539
0,1629,1591,0.0
0,1630,1592,0.0
0,1631,1593,0.0
0,1632,1594,0.18597703967973991
0,1633,1595,0.09298851983987001
0,1634,1596,0.0
0,1635,1597,0.09261116857737427
0,1636,1598,0.07207008492230356
0,1637,1599,0.06165102234839026
0,1638,1600,0.0
0,1639,1601,0.09298851983987001
0,1640,1602,0.0
0,1641,1603,0.0
0,1642,1604,0.0
0,1643,1605,0.0
0,1644,1606,0.0
0,1645,1607,0.005097580767735116
0,1646,1608,0.0
0,1647,1609,0.09298851983987
0,1648,1610,0.0
0,1649,1611,0.0007421467022917747
0,1650,1612,0.09298851983987001
0,1651,1613,0.09298851983986996
0,1652,1614,0.0
0,1653,1615,0.0
0,1654,1616,0.09298851983987001
0,1655,1617,0.09298851983987001
0,1656,1618,0.0
0,1657,1619,0.0
0,1658,1620,0.0
0,1659,1621,0.0
0,1660,1622,0.0
0,1661,1623,0.09298851983986996
0,1662,1624,0.0
0,1663,1625,0.0
0,1664,1626,0.0
0,1665,1627,0.0
0,1666,1628,0.0
0,1667,1629,0.0
0,1668,1630,0.0
0,1669,1631,0.0
0,1670,1632,0.0
0,1671,1633,0.0
0,1672,1634,0.0
0,1673,1635,0.09164014319137871
0,1674,1636,0.02368369383153194
0,1675,1637,0.0022249974536443008
0,1676,1638,0.0
0,1677,1639,0.0
0,1678,1640,0.0
0,1679,1641,0.09298851983987
0,1680,1642,0.0
0,1681,1643,0.1228163758580664
0,1682,1644,0.0
0,1683,1645,0.09298851983987001
0,1684,1646,0.03515674520698749
0,1685,1647,0.0
0,1686,1648,0.0
0,1687,1649,0.17548679676471066
0,1688,1650,0.0
0,1689,1651,0.0
0,1690,1652,0.007273820132587478
0,1692,1653,0.09298851983986996
0,1693,1654,0.0
0,1694,1655,0.0
0,1695,1656,0.0
0,1696,1657,0.09298851983987001
0,1697,1658,0.09298851983987001
0,1698,1659,0.0
0,1699,1660,0.0
0,1700,1661,0.0
0,1701,1662,0.0
0,1702,1663,0.0
0,1703,1664,0.0
0,1704,1665,0.0
0,1705,1666,0.0
0,1706,1667,0.09298851983987
0,1707,1668,0.0
0,1708,1669,0.0
0,1709,1670,0.0
0,1710,1671,0.0
0,1711,1672,0.0
0,1712,1673,0.0
0,1713,1674,0.0
0,1714,1675,0.0
0,1715,1676,0.0
0,1716,1677,0.1432837943179468
0,1717,1678,0.0
0,1718,1679,0.0
0,1719,1680,0.0
0,1720,1681,0.0
0,1721,1682,0.0
0,1722,1683,0.0
0,1723,1684,0.0
0,1724,1685,0.0
0,1725,1686,0.0
0,1726,1687,0.0
0,1727,1688,0.0
0,1728,1689,0.0
0,1729,1690,0.0
0,1730,1691,0.0
0,1731,1692,0.0
0,1732,1693,0.0
0,1733,1694,0.09797613048564831
0,1734,1695,0.0934722252591206
0,1735,1696,0.09298851983987001
0,1736,1697,0.0
0,1738,1698,0.12565796304029167
0,1739,1699,0.0
0,1740,1700,0.2533288143179017
0,1741,1701,0.5260685139435274
0,1742,1702,0.0
0,1744,1703,0.09298851983987001
0,1745,1704,0.0
0,1746,1705,0.09298851983987001
0,1747,1706,0.07859676850152289
0,1749,1707,0.0
0,1750,1708,0.0
0,1751,1709,0.13168515824036167
0,1752,1710,0.0
0,1753,1711,0.0
0,1754,1712,0.0
0,1755,1713,0.012331425101208689
0,1756,1714,0.0
0,1757,1715,0.0
0,1758,1716,0.09298851983986996
0,1759,1717,0.10274301805158256
0,1760,1718,0.09298851983987
0,1761,1719,0.0
0,1762,1720,0.09298851983987001
0,1763,1721,0.0
0,1764,1722,0.0
0,1765,1723,0.0
0,1766,1724,0.09298851983987001
0,1767,1725,0.0
0,1768,1726,0.09298851983987001
0,1769,1727,0.0
0,1770,1728,0.09298851983987001
0,1771,1729,0.0
0,1772,1730,0.12302223105693591
0,1773,1731,0.0
0,1774,1732,0.0
0,1775,1733,0.0
0,1776,1734,0.0
0,1777,1735,0.0
0,1778,1736,0.0
0,1779,1737,0.0
0,1780,1738,0.0
0,1781,1739,0.09298851983987001
0,1782,1740,0.0
0,1783,1741,0.0
0,1784,1742,0.09298851983987001
0,1785,1743,0.0
0,1786,1744,0.0
0,1787,1745,0.07879296800442147
0,1788,1746,0.0
0,1789,1747,0.0
0,1790,1748,0.08887273072145521
0,1791,1749,0.24936919631814086
0,1792,1750,0.0
0,1793,1751,0.0
0,1794,1752,0.0
0,1795,1753,0.3277507092341279
0,1796,1754,0.08873135641979439
0,1797,1755,0.0
0,1798,1756,0.0
0,1799,1757,0.09298851983987001
0,1800,1758,0.0
0,1801,1759,0.0
0,1802,1760,0.0
0,1803,1761,0.0
0,1804,1762,0.0
0,1805,1763,0.0
0,1806,1764,0.09298851983987
0,1807,1765,0.0
0,1808,1766,0.09454467972716984
0,1809,1767,0.0
0,1810,1768,0.0937849786358249
0,1811,1769,0.09298851983987001
0,1812,1770,0.0
0,1813,1771,0.09298851983987001
0,1814,1772,0.0
0,1815,1773,0.0
0,1816,1774,0.0
0,1817,1775,0.09298851983987001
0,1818,1776,0.09298851983986996
0,1819,1777,0.0
0,1820,1778,0.09298851983987001
0,1821,1779,0.0
0,1822,1780,0.09298851983987001
0,1823,1781,0.0
0,1824,1782,0.0
0,1825,1783,0.01029385876848121
0,1826,1784,0.1483060273263867
0,1827,1785,0.007856355797972421
0,1828,1786,0.013677205402868112
0,1829,1787,0.0
0,1830,1788,0.0
0,1831,1789,0.09298851983987
0,1832,1790,0.0
0,1833,1791,0.19664128100915287
0,1834,1792,0.0844639582464716
0,1835,1793,0.09298851983987001
0,1836,1794,0.10433023060382933
0,1837,1795,0.013511521784355425
0,1838,1796,0.0
0,1839,1797,0.09298851983987
0,1840,1798,0.0
0,1841,1799,0.0
0,1842,1800,0.0
0,1843,1801,0.18955743364663186
0,1844,1802,0.09298851983987001
0,1845,1803,7.246063305593515e-05
0,1846,1804,0.0
0,1847,1805,0.0238195824387158
0,1848,1806,0.0
0,1849,1807,0.07156585775922517
0,1850,1808,0.0
0,1851,1809,0.0
0,1852,1810,0.0750842632781876
0,1854,1811,0.0
0,1855,1812,0.04065578430655667
0,1856,1813,0.1774132635602235
0,1857,1814,0.0
0,1858,1815,0.0
0,1859,1816,0.01726866077390707
0,1860,1817,0.0
0,1861,1818,0.08798025662640202
0,1862,1819,0.0027329576433571304
0,1863,1820,0.0
0,1864,1821,0.0
0,1865,1822,0.0
0,1866,1823,0.158303094993979
0,1867,1824,0.09298851983987001
0,1868,1825,0.0
0,1869,1826,0.0
0,1870,1827,0.0
0,1871,1828,0.0
0,1872,1829,0.0
0,1873,1830,0.0
0,1874,1831,0.09298851983987001
0,1875,1832,0.0
0,1876,1833,0.0
0,1877,1834,0.09298851983987001
0,1878,1835,0.0
0,1879,1836,0.0
0,1880,1837,0.0
0,1881,1838,0.03127573933670579
0,1882,1839,0.0
0,1883,1840,0.0
0,1884,1841,0.09298851983987001
0,1885,1842,0.0
0,1886,1843,0.0
0,1887,1844,0.09673467685175006
0,1888,1845,0.0
0,1889,1846,0.0
0,1890,1847,0.0
0,1891,1848,0.0
0,1892,1849,0.0
0,1893,1850,0.07052405973036244
0,1894,1851,0.07415980080987607
0,1895,1852,0.09702111563517797
0,1896,1853,0.0
0,1897,1854,0.09616119680750952
0,1898,1855,0.0
0,1899,1856,0.0
0,1900,1857,0.0
0,1901,1858,0.0
0,1902,1859,0.0
0,1903,1860,0.08594470464535883
0,1904,1861,0.0
0,1905,1862,0.0
0,1906,1863,0.0
0,1907,1864,0.0
0,1908,1865,0.0
0,1909,1866,0.0
0,1910,1867,0.0
0,1911,1868,0.0
0,1912,1869,0.0
0,1913,1870,0.006399205352129196
0,1914,1871,0.0
0,1915,1872,0.09298851983987001
0,1916,1873,0.0
0,1917,1874,0.0
0,1918,1875,0.09298851983986996
0,1919,1876,0.08879054788091949
0,1920,1877,0.08681524496377535
0,1921,1878,0.0
0,1922,1879,0.0
0,1923,1880,0.0014057641357360083
0,1924,1881,0.09298851983987001
0,1925,1882,0.09298851983986996
0,1926,1883,0.07868605151342153
0,1927,1884,0.007442541697655188
0,1928,1885,0.0
0,1929,1886,0.0
0,1930,1887,0.0
0,1931,1888,0.0
0,1932,1889,0.0
0,1933,1890,0.09298851983986996
0,1934,1891,0.09298851983987001
0,1935,1892,0.09298851983987001
0,1936,1893,0.0
0,1937,1894,0.001581204804595334
0,1939,1895,0.0
0,1940,1896,0.0
0,1941,1897,0.004938022046601497
0,1942,1898,0.013108481994305024
0,1943,1899,0.09298851983986996
0,1944,1900,0.27532839475030224
0,1945,1901,0.009594879756908498
0,1946,1902,0.0
0,1947,1903,0.09298851983987001
0,1948,1904,0.0057355562333163005
0,1949,1905,0.0
0,1950,1906,0.09298851983987001
0,1951,1907,0.09298851983987001
0,1952,1908,0.0
0,1953,1909,0.09298851983987001
0,1954,1910,0.0
0,1955,1911,0.09298851983987001
0,1956,1912,0.0
0,1957,1913,0.0
0,1958,1914,0.09223881193902449
0,1959,1915,0.0
0,1960,1916,0.10471540954336236
0,1961,1917,0.008994313761600687
0,1962,1918,0.0
0,1963,1919,0.0
0,1964,1920,0.0
0,1965,1921,0.0
0,1966,1922,0.0
0,1967,1923,0.0
0,1968,1924,0.0
0,1969,1925,0.0
0,1970,1926,0.0
0,1971,1927,0.09298851983986996
0,1972,1928,0.0
0,1973,1929,0.0
0,1974,1930,0.0
0,1975,1931,0.0
0,1976,1932,0.09298851983986996
0,1977,1933,0.09298851983987001
0,1978,1934,0.09298851983987001
0,1979,1935,0.10298273165827955
0,1980,1936,0.0
0,1981,1937,0.0
0,1982,1938,0.020191564035266684
0,1983,1939,0.0
0,1984,1940,0.0014609028941888614
0,1985,1941,0.006482334254032205
0,1986,1942,0.0
0,1987,1943,0.08655983206417937
0,1988,1944,0.0
0,1989,1945,0.0
0,1990,1946,0.0
0,1991,1947,0.09298851983987001
0,1992,1948,0.0
0,1993,1949,0.0
0,1994,1950,0.0
0,1995,1951,0.0
0,1996,1952,0.0
0,1997,1953,0.0
0,1998,1954,0.0
0,1999,1955,0.0
0,2000,1956,0.0
0,2001,1957,0.0
0,2002,1958,0.07974143336792464
0,2003,1959,0.0
0,2004,1960,0.0
0,2005,1961,0.0
0,2006,1962,0.005532974840397282
0,2007,1963,0.0
0,2008,1964,0.0
0,2009,1965,0.08508825370694818
0,2010,1966,0.0
0,2011,1967,0.0
0,2012,1968,0.09298851983987001
0,2013,1969,0.09298851983986996
0,2014,1970,0.09298851983986996
0,2015,1971,0.0
0,2016,1972,0.0
0,2017,1973,0.0
0,2018,1974,0.08388181096342096
0,2019,1975,0.0
0,2020,1976,0.09298851983986996
0,2021,1977,0.0
0,2022,1978,0.09298851983987001
0,2023,1979,0.0
0,2025,1980,0.0
0,2026,1981,0.09298851983987001
0,2027,1982,0.00777756559419469
0,2028,1983,0.0
0,2029,1984,0.0
0,2031,1985,0.0
0,2032,1986,0.0
0,2033,1987,0.06936171668476257
0,2034,1988,0.0
0,2035,1989,0.0
0,2036,1990,0.00028269981809480015
0,2037,1991,0.09298851983987001
0,2038,1992,0.0
0,2039,1993,0.0
0,2040,1994,0.0
0,2041,1995,0.08064998016488682
0,2042,1996,0.0
0,2043,1997,0.0
0,2044,1998,0.0
0,2045,1999,0.0
0,2046,2000,0.10444231847104445
0,2047,2001,0.011181965122104622
0,2048,2002,0.0
0,2049,2003,0.0
0,2050,2004,0.08853448103478782
0,2051,2005,0.09265886556319315
0,2052,2006,0.0
0,2053,2007,0.0
0,2054,2008,0.0
0,2055,2009,0.0
0,2056,2010,0.0
0,2057,2011,0.0
0,2058,2012,0.0
0,2059,2013,0.09298851983986996
0,2060,2014,0.09298851983987001
0,2061,2015,0.0
0,2062,2016,0.06355100884825356
0,2063,2017,0.0
0,2064,2018,0.0
0,2065,2019,0.0
0,2066,2020,0.0
0,2067,2021,0.0
0,2068,2022,0.0
0,2069,2023,0.0
0,2070,2024,0.0
0,2071,2025,0.0
0,2072,2026,0.0
0,2073,2027,0.0
0,2074,2028,0.09298851983987001
0,2075,2029,0.09298851983987001
0,2076,2030,0.011357697158228203
0,2077,2031,0.10375559077846244
0,2078,2032,0.10530283211522289
0,2079,2033,0.09298851983987001
0,2080,2034,0.0
0,2081,2035,0.09298851983987001
0,2082,2036,0.09298851983987
0,2083,2037,0.0
0,2084,2038,0.012303239111069722
0,2085,2039,0.09298851983987001
0,2086,2040,0.0
0,2087,2041,0.07453264510204621
0,2088,2042,0.09298851983987001
0,2089,2043,0.09298851983986996
0,2090,2044,0.0
0,2091,2045,0.09298851983987001
0,2092,2046,0.0
0,2093,2047,0.0
0,2094,2048,0.0
0,2095,2049,0.09298851983987001
0,2096,2050,0.0
0,2097,2051,0.0
0,2098,2052,0.0
0,2099,2053,0.012648909213797934
0,2100,2054,0.19060167675848252
0,2101,2055,0.0
0,2102,2056,0.0
0,2103,2057,0.0
0,2104,2058,0.0
0,2105,2059,0.0
0,2106,2060,0.0
0,2107,2061,0.00031965171697919895
0,2108,2062,0.0
0,2109,2063,0.11644443562969878
0,2110,2064,0.0
0,2111,2065,0.0
0,2112,2066,0.09298851983986996
0,2113,2067,0.0
0,2114,2068,0.08559701543613762
0,2115,2069,0.09298851983987001
0,2116,2070,0.0
0,2117,2071,0.09298851983987001
0,2118,2072,0.09298851983987001
0,2119,2073,0.0
0,2120,2074,0.004334446478251244
0,2121,2075,0.09298851983987001
0,2122,2076,0.09298851983987001
0,2123,2077,0.0
0,2124,2078,0.1926342673050652
0,2125,2079,0.0
0,2126,2080,0.0
0,2127,2081,0.0
0,2128,2082,0.0
0,2129,2083,0.0
0,2130,2084,0.09298851983986996
0,2131,2085,0.0
0,2132,2086,0.09298851983987
0,2133,2087,0.0
0,2134,2088,0.0
0,2135,2089,0.0
0,2136,2090,0.1151784164573347
0,2137,2091,0.09298851983987001
0,2138,2092,0.0783827224717798
0,2139,2093,0.09298851983987001
0,2140,2094,0.0
0,2141,2095,0.08919950177487333
0,2142,2096,0.0
0,2143,2097,0.0
0,2144,2098,0.012030451649330974
0,2145,2099,0.0
0,2146,2100,0.09298851983987001
0,2147,2101,0.09298851983987001
0,2148,2102,0.0
0,2149,2103,0.09298851983986994
0,2150,2104,0.0
0,2151,2105,0.0
0,2152,2106,0.02065769009445687
0,2153,2107,0.16898393236357812
0,2154,2108,0.09298851983987001
0,2155,2109,0.0
0,2156,2110,0.3604712331235552
0,2157,2111,0.0
0,2158,2112,0.0
0,2159,2113,0.0
0,2160,2114,0.0
0,2161,2115,0.03761365697583541
0,2162,2116,0.0963631995975062
0,2163,2117,0.0
0,2164,2118,0.09298851983986996
0,2165,2119,0.5289199557395031
0,2166,2120,0.0
0,2167,2121,0.08404627026131102
0,2168,2122,0.09298851983986996
0,2169,2123,0.0
0,2170,2124,0.09298851983987001
0,2171,2125,0.09298851983987001
0,2172,2126,0.0
0,2173,2127,0.09298851983987001
0,2174,2128,0.0
0,2175,2129,0.09298851983987001
0,2176,2130,0.0
0,2177,2131,0.09298851983986996
0,2178,2132,0.002217355301081518
0,2179,2133,0.0
0,2180,2134,0.0
0,2181,2135,0.0
0,2182,2136,0.0
0,2183,2137,0.0
0,2184,2138,0.0
0,2185,2139,0.0
0,2186,2140,0.09298851983987001
0,2187,2141,0.09298851983986996
0,2188,2142,0.0
0,2189,2143,0.0
0,2190,2144,0.09298851983987001
0,2191,2145,0.40517753250927513
0,2192,2146,0.0442539119377533
0,2193,2147,0.17274948992675868
0,2194,2148,0.0
0,2195,2149,0.0
0,2197,2150,0.09298851983987001
0,2198,2151,0.0
0,2199,2152,0.0
0,2200,2153,0.0
0,2201,2154,0.0
0,2202,2155,0.0
0,2203,2156,0.0
0,2204,2157,0.0
0,2205,2158,0.0
0,2206,2159,0.0
0,2207,2160,0.0
0,2208,2161,0.0
0,2209,2162,0.0
0,2210,2163,0.0
0,2211,2164,0.0
0,2212,2165,0.0
0,2213,2166,0.0
0,2214,2167,0.09298851983987001
0,2215,2168,0.0
0,2216,2169,0.09298851983987001
0,2217,2170,0.0
0,2218,2171,0.0
0,2219,2172,0.09298851983987001
0,2220,2173,0.0
0,2221,2174,0.19318454484310454
0,2222,2175,0.0
0,2223,2176,0.0
0,2224,2177,0.0
0,2225,2178,0.0
0,2226,2179,0.0
0,2227,2180,0.0
0,2228,2181,0.09298851983987
0,2229,2182,0.0
0,2230,2183,0.09298851983987001
0,2231,2184,0.0
0,2232,2185,0.016008426550539977
0,2233,2186,0.0
0,2234,2187,0.0
0,2236,2188,0.0
0,2237,2189,0.012308704406987156
0,2238,2190,0.0
0,2239,2191,0.0
0,2240,2192,0.0
0,2241,2193,0.0
0,2242,2194,0.09298851983987001
0,2243,2195,0.0
0,2244,2196,0.0
0,2245,2197,0.0
0,2246,2198,0.0
0,2247,2199,0.0
0,2248,2200,0.0
0,2249,2201,0.09298851983987001
0,2250,2202,0.0
0,2251,2203,0.0
0,2252,2204,0.0
0,2253,2205,0.09794891154269163
0,2254,2206,0.0
0,2255,2207,0.0
0,2256,2208,0.0
0,2257,2209,0.09258869213498273
0,2258,2210,0.0
0,2259,2211,0.0
0,2260,2212,0.0
0,2261,2213,0.0
0,2262,2214,0.0
0,2263,2215,0.09371911667091687
0,2264,2216,0.0
0,2265,2217,0.09298851983987001
0,2266,2218,0.0
0,2267,2219,0.0
0,2268,2220,0.0
0,2269,2221,0.014203889942943089
0,2270,2222,0.1369011418203213
0,2271,2223,0.0
0,2272,2224,0.0
0,2273,2225,0.005988236785283719
0,2274,2226,0.09475986090860283
0,2275,2227,0.010026710736602079
0,2276,2228,0.0
0,2277,2229,0.0
0,2278,2230,0.0
0,2279,2231,0.01876322643186499
0,2280,2232,0.0
0,2281,2233,0.1604570219026044
0,2282,2234,0.0
0,2283,2235,0.0
0,2284,2236,0.09298851983986996
0,2285,2237,0.0
0,2286,2238,0.09298851983987001
0,2287,2239,0.09298851983987001
0,2288,2240,0.0
0,2289,2241,0.0
0,2290,2242,0.0013417908193033522
0,2291,2243,0.0
0,2292,2244,0.0
0,2293,2245,0.0
0,2294,2246,0.0
0,2295,2247,0.0
0,2296,2248,0.09298851983987001
0,2297,2249,0.09298851983987001
0,2298,2250,0.0
0,2299,2251,0.0
0,2300,2252,0.0
0,2301,2253,0.0
0,2302,2254,0.09298851983986994
0,2303,2255,0.09298851983987001
0,2304,2256,0.0
0,2305,2257,0.0
0,2306,2258,0.05559421822017809
0,2307,2259,0.0
0,2308,2260,0.09298851983986996
0,2309,2261,0.0
0,2310,2262,0.0
0,2311,2263,0.0
0,2312,2264,0.0
0,2313,2265,0.07542856014780978
0,2314,2266,0.0
0,2315,2267,0.0
0,2316,2268,0.0
0,2317,2269,0.0
0,2318,2270,0.0
0,2319,2271,0.007198383556201215
0,2320,2272,0.0
0,2321,2273,0.09298851983987001
0,2322,2274,0.0
0,2323,2275,0.0
0,2324,2276,0.0
0,2325,2277,0.0
0,2326,2278,0.0
0,2327,2279,0.0
0,2328,2280,0.0
0,2329,2281,0.0
0,2330,2282,0.0
0,2331,2283,0.0
0,2332,2284,0.0
0,2333,2285,0.09298851983987
0,2334,2286,0.09298851983987001
0,2335,2287,0.0
0,2336,2288,0.0
0,2337,2289,0.0
0,2338,2290,0.007614644336328047
0,2339,2291,0.0
0,2340,2292,0.0
0,2341,2293,0.09298851983986996
0,2342,2294,0.0
0,2343,2295,0.0
0,2344,2296,0.0
0,2345,2297,0.0
0,2346,2298,0.0
0,2347,2299,0.26511305470336727
0,2348,2300,0.0
0,2349,2301,0.0
0,2350,2302,0.09298851983986994
0,2351,2303,0.008449862106098436
0,2352,2304,0.09298851983987001
0,2354,2305,0.0
0,2355,2306,0.1443312305262359
0,2356,2307,0.0
0,2357,2308,0.0
0,2358,2309,0.0
0,2359,2310,0.9935301254847697
0,2360,2311,0.08551853259082615
0,2361,2312,0.0
0,2362,2313,0.1525908558255265
0,2363,2314,0.0
0,2364,2315,0.0
0,2365,2316,0.0
0,2366,2317,0.0
0,2367,2318,0.09298851983987001
0,2368,2319,0.003919491488124928
0,2369,2320,0.0
0,2370,2321,0.0
0,2371,2322,0.09298851983987001
0,2372,2323,0.09298851983987001
0,2373,2324,0.0
0,2374,2325,0.0
0,2375,2326,0.0
0,2376,2327,0.0
0,2377,2328,0.0
0,2378,2329,0.09298851983987001
0,2379,2330,0.0
0,2380,2331,0.0
0,2381,2332,0.09298851983986996
0,2382,2333,0.0
0,2383,2334,0.015152993318445877
0,2384,2335,0.0
0,2385,2336,0.0808986388704698
0,2386,2337,0.0
0,2387,2338,0.09298851983987001
0,2388,2339,0.0
0,2389,2340,0.0
0,2390,2341,0.0
0,2391,2342,0.0
0,2392,2343,0.0
0,2393,2344,0.0
0,2394,2345,0.018354175276491566
0,2395,2346,0.0
0,2396,2347,0.12167627175026581
0,2397,2348,0.0946343285533855
0,2398,2349,0.0
0,2399,2350,0.0
0,2400,2351,0.0
0,2401,2352,0.0
0,2402,2353,0.0
0,2403,2354,0.04782200766808025
0,2404,2355,0.1339422924592063
0,2405,2356,0.0
0,2406,2357,0.0
0,2407,2358,0.0
0,2408,2359,0.09298851983987001
0,2409,2360,0.0
0,2410,2361,0.0
0,2411,2362,0.09298851983987001
0,2412,2363,0.09298851983987001
0,2413,2364,0.0
0,2414,2365,0.0
0,2415,2366,0.0
0,2416,2367,0.0
0,2417,2368,0.0
0,2418,2369,0.00413611411197617
0,2420,2370,0.0
0,2421,2371,0.0
0,2422,2372,0.004569307374692046
0,2423,2373,0.0
0,2424,2374,0.10748603943674187
0,2425,2375,0.09298851983987001
0,2426,2376,0.08966457483550422
0,2427,2377,0.0
0,2428,2378,0.09404111855406899
0,2429,2379,0.0
0,2430,2380,0.0
0,2431,2381,0.0
0,2432,2382,0.0
0,2433,2383,0.0
0,2434,2384,0.0
0,2435,2385,0.0
0,2437,2386,0.0
0,2438,2387,0.0
0,2439,2388,0.09298851983987001
0,2440,2389,0.025560713583874226
0,2441,2390,0.0
0,2442,2391,0.0
0,2443,2392,0.0
0,2444,2393,0.5709989154109997
0,2445,2394,0.0589824325354697
0,2446,2395,0.4447567392618168
0,2447,2396,0.0
0,2448,2397,0.08443991763870846
0,2449,2398,0.0
0,2450,2399,0.11217903708374657
0,2451,2400,0.0
0,2452,2401,0.09298851983987001
0,2453,2402,0.0
0,2454,2403,0.0
0,2455,2404,0.0
0,2456,2405,0.0
0,2457,2406,0.09298851983987001
0,2458,2407,0.0
0,2459,2408,0.0
0,2460,2409,0.09298851983987001
0,2461,2410,0.0
0,2462,2411,0.0
0,2463,2412,0.013747261622747227
0,2464,2413,0.0
0,2465,2414,0.09298851983986996
0,2466,2415,0.0
0,2467,2416,0.011008109819673723
0,2468,2417,0.09298851983987001
0,2469,2418,0.0
0,2470,2419,0.13774726909043947
0,2471,2420,0.0
0,2472,2421,0.0
0,2473,2422,0.09298851983986996
0,2474,2423,0.0
0,2475,2424,0.09298851983987001
0,2476,2425,0.0
0,2477,2426,0.0
0,2478,2427,0.09298851983987001
0,2479,2428,0.0
0,2480,2429,0.02602304570379463
0,2482,2430,0.09298851983987001
0,2483,2431,0.0
0,2484,2432,0.0
0,2485,2433,0.09298851983987001
0,2486,2434,0.09298851983987001
0,2487,2435,0.0
0,2488,2436,0.0
0,2489,2437,0.0
0,2490,2438,0.0
0,2491,2439,0.0
0,2492,2440,0.0
0,2493,2441,0.0
0,2494,2442,0.0
0,2495,2443,0.0
0,2496,2444,0.0
0,2497,2445,0.0
0,2498,2446,0.0
0,2499,2447,0.0
0,2500,2448,0.0
0,2501,2449,0.03462758527040367
0,2502,2450,0.0
0,2503,2451,0.0
0,2504,2452,0.0
0,2505,2453,0.0
0,2506,2454,0.0
0,2507,2455,2.015900410349314e-05
0,2508,2456,0.09298851983987001
0,2509,2457,0.0
0,2510,2458,0.0
0,2511,2459,0.003740075081077973
0,2512,2460,0.0
0,2513,2461,0.09298851983987001
0,2514,2462,0.0
0,2515,2463,0.17197307893101893
0,2516,2464,0.1003646472088305
0,2517,2465,0.0
0,2518,2466,0.0
0,2519,2467,0.0
0,2520,2468,0.0
0,2521,2469,0.0
0,2522,2470,0.09298851983987001
0,2523,2471,0.09461240527312416
0,2524,2472,0.0
0,2525,2473,0.0
0,2526,2474,0.0
0,2527,2475,0.0
0,2528,2476,0.0
0,2529,2477,0.09298851983987001
0,2530,2478,0.0
0,2531,2479,0.0
0,2532,2480,0.006478216384979069
0,2533,2481,0.0
0,2534,2482,0.0
0,2536,2483,0.0
0,2537,2484,0.0448787938341589
0,2538,2485,0.0
0,2539,2486,0.0
0,2540,2487,0.00428076977311064
0,2541,2488,0.09298851983987001
0,2542,2489,0.0
0,2543,2490,0.11844653903799042
0,2544,2491,0.0
0,2545,2492,0.0
0,2546,2493,0.09298851983987
0,2547,2494,0.0
0,2548,2495,0.09298851983987001
0,2549,2496,0.0
0,2550,2497,0.09298851983987
0,2551,2498,0.0
0,2552,2499,0.09298851983987001
0,2553,2500,0.0
0,2554,2501,0.0
0,2555,2502,0.0
0,2556,2503,0.0
0,2557,2504,0.0
0,2558,2505,0.0
0,2559,2506,0.09298851983987001
0,2560,2507,0.0
0,2561,2508,0.0
0,2562,2509,0.011688746496974593
0,2563,2510,0.0
0,2564,2511,0.09268450196157958
0,2565,2512,0.0
0,2566,2513,0.0
0,2567,2514,0.0
0,2568,2515,0.09298851983987
0,2569,2516,0.0
0,2570,2517,0.0028121782632298275
0,2571,2518,0.0
0,2572,2519,0.07436438046809297
0,2573,2520,0.0
0,2574,2521,0.0
0,2575,2522,0.09298851983987001
0,2576,2523,0.0
0,2577,2524,0.0
0,2578,2525,0.0
0,2579,2526,0.0
0,2580,2527,0.09298851983986996
0,2581,2528,0.0
0,2582,2529,0.10119058304823494
0,2583,2530,0.0
0,2584,2531,0.0
0,2585,2532,0.0
0,2586,2533,0.0
0,2587,2534,0.0
0,2588,2535,0.0
0,2590,2536,0.0
0,2591,2537,0.06774749360423202
0,2592,2538,0.0
0,2593,2539,0.0002582467554017303
0,2594,2540,0.0
0,2595,2541,0.09298851983987001
0,2596,2542,0.09298851983987001
0,2597,2543,0.09298851983987001
0,2598,2544,0.0
0,2599,2545,0.0
0,2600,2546,0.09298851983987001
0,2601,2547,0.09298851983987001
0,2602,2548,0.0
0,2603,2549,0.0
0,2604,2550,0.0
0,2605,2551,0.04222482143096832
0,2606,2552,0.0
0,2608,2553,0.0
0,2609,2554,0.0
0,2611,2555,0.0
0,2612,2556,0.09298851983987001
0,2613,2557,0.0
0,2614,2558,0.0
0,2615,2559,0.0
0,2616,2560,0.008861411071532297
0,2617,2561,0.0
0,2618,2562,0.09298851983987001
0,2619,2563,0.0
0,2620,2564,0.0
0,2621,2565,0.08791006437557707
0,2622,2566,0.06570590449091464
0,2623,2567,0.0
0,2624,2568,0.09298851983986994
0,2625,2569,0.33805461922388247
0,2626,2570,0.0
0,2627,2571,0.09298851983987001
0,2628,2572,0.09298851983987001
0,2629,2573,0.09298851983987001
0,2630,2574,0.0004453047261987254
0,2631,2575,0.0
0,2632,2576,0.0
0,2633,2577,0.0
0,2634,2578,0.07764192608924951
0,2635,2579,0.0
0,2636,2580,0.0
0,2637,2581,0.0
0,2638,2582,0.0
0,2639,2583,0.0
0,2640,2584,0.0
0,2641,2585,0.0
0,2642,2586,0.0
0,2643,2587,0.0
0,2644,2588,0.0
0,2645,2589,0.0
0,2646,2590,0.09298851983987001
0,2647,2591,0.0
0,2648,2592,0.0
0,2649,2593,0.0
0,2650,2594,0.0
0,2651,2595,0.0
0,2652,2596,0.0
0,2653,2597,0.0
0,2654,2598,0.0
0,2655,2599,0.06683357829946805
0,2656,2600,0.0044585255809349465
0,2657,2601,0.0
0,2658,2602,0.0
0,2659,2603,0.0
0,2660,2604,0.0
0,2661,2605,0.09298851983987001
0,2662,2606,0.0
0,2663,2607,0.4398968401561436
0,2664,2608,0.0
0,2665,2609,0.0
0,2666,2610,0.0
0,2667,2611,0.0
0,2668,2612,0.022858493369869098
0,2669,2613,0.0
0,2670,2614,0.0
0,2671,2615,0.0
0,2672,2616,0.09298851983986994
0,2673,2617,0.3299750547120208
0,2674,2618,0.22193459249005612
0,2675,2619,0.0
0,2676,2620,0.09298851983987001
0,2677,2621,0.013092087632140714
0,2678,2622,0.0
0,2679,2623,0.0
0,2680,2624,0.07346873615288577
0,2681,2625,0.09298851983987001
0,2682,2626,0.0
0,2683,2627,0.12874126802050975
0,2684,2628,0.0
0,2685,2629,0.0
0,2686,2630,0.0
0,2687,2631,0.006168999194031531
0,2688,2632,0.0
0,2689,2633,0.0
0,2690,2634,0.0
0,2692,2635,0.0
0,2693,2636,0.01318783799786761
0,2694,2637,0.11964748699047979
0,2695,2638,0.16642829599602185
0,2696,2639,0.0
0,2697,2640,0.0
0,2698,2641,0.09298851983987001
0,2699,2642,0.0
0,2700,2643,0.3242850976602902
0,2701,2644,0.0
0,2702,2645,0.07581676932742398
0,2703,2646,0.0
0,2704,2647,0.0
0,2705,2648,0.0
0,2706,2649,0.0
0,2707,2650,0.09298851983987001
0,2708,2651,0.008712355334566048
0,2709,2652,0.16168366833774556
0,2710,2653,0.07557909242092786
0,2711,2654,0.0
0,2712,2655,0.0
0,2713,2656,0.0
0,2714,2657,0.0
0,2715,2658,0.09298851983987001
0,2716,2659,0.06982869941823956
0,2717,2660,0.0
0,2718,2661,0.006352822570987592
0,2719,2662,0.0
0,2720,2663,0.0
0,2721,2664,0.0
0,2723,2665,0.018843352256214863
0,2724,2666,0.09298851983986996
0,2725,2667,0.01668538318606959
0,2726,2668,0.09298851983987001
0,2727,2669,0.09298851983987001
0,2729,2670,0.08796525063830837
0,2730,2671,0.0
0,2732,2672,0.0
0,2733,2673,0.0
0,2734,2674,0.0
0,2736,2675,0.09298851983987001
0,2737,2676,0.06060940748812212
0,2738,2677,0.0011827040051561157
0,2739,2678,0.0
0,2740,2679,0.0
0,2741,2680,0.0
0,2742,2681,0.0
0,2743,2682,0.0
0,2744,2683,0.11686971527401577
0,2745,2684,0.0
0,2746,2685,0.09298851983987001
0,2747,2686,0.0
0,2748,2687,0.0
0,2749,2688,0.0
0,2750,2689,0.0
0,2751,2690,0.0
0,2752,2691,0.14195099838366262
0,2753,2692,0.22647974732388818
0,2754,2693,0.09298851983987001
0,2755,2694,0.0925875772855
0,2756,2695,0.09144641840734317
0,2757,2696,0.09352384648114531
0,2758,2697,0.0
0,2759,2698,0.09298851983987001
0,2760,2699,0.0822224742402631
0,2761,2700,0.0
0,2762,2701,0.09298851983987001
0,2763,2702,0.09298851983986996
0,2764,2703,0.0
0,2765,2704,0.09298851983987001
0,2766,2705,0.0
0,2767,2706,0.0
0,2768,2707,0.0
0,2769,2708,0.0
0,2770,2709,0.09298851983987001
0,2771,2710,0.006695680546065156
0,2772,2711,0.014779543228922096
0,2773,2712,0.0
0,2774,2713,0.0
0,2775,2714,0.0
0,2776,2715,0.0
0,2777,2716,0.0
0,2778,2717,0.0
0,2779,2718,0.09298851983987001
0,2780,2719,0.0
0,2781,2720,0.0
0,2782,2721,0.14096416659153488
0,2783,2722,0.0
0,2784,2723,0.0
0,2785,2724,0.2644429294812613
0,2786,2725,0.0009397870229529582
0,2787,2726,0.09958821426305423
0,2788,2727,0.0
0,2789,2728,0.0
0,2790,2729,0.0
0,2791,2730,0.00031532070203315335
0,2792,2731,0.09298851983987
0,2793,2732,0.09891057876380971
0,2794,2733,0.0633262853532699
0,2795,2734,0.11579990493717399
0,2796,2735,0.0
0,2797,2736,0.0
0,2798,2737,0.08813835741737447
0,2799,2738,0.0
0,2800,2739,0.0
0,2801,2740,0.007198383556201215
0,2802,2741,0.011078376612829875
0,2803,2742,0.08000853791576476
0,2804,2743,0.04900213109324814
0,2805,2744,0.09298851983987001
0,2806,2745,0.15841064233101274
0,2807,2746,0.2840481189125304
0,2808,2747,0.0
0,2809,2748,0.0
0,2810,2749,0.0
0,2812,2750,0.09298851983986996
0,2813,2751,0.08932098114932005
0,2814,2752,0.0
0,2815,2753,0.0
0,2816,2754,0.0
0,2817,2755,0.1311813084966216
0,2818,2756,0.0
0,2819,2757,0.09298851983987001
0,2820,2758,0.0
0,2821,2759,0.0
0,2822,2760,0.0
0,2823,2761,0.09298851983987001
0,2824,2762,0.09298851983987001
0,2825,2763,0.0
0,2826,2764,0.0
0,2827,2765,0.0
0,2828,2766,0.5586118514004155
0,2829,2767,0.0
0,2830,2768,0.0
0,2831,2769,0.0
0,2832,2770,0.0
0,2833,2771,0.0
0,2834,2772,0.09298851983987001
0,2835,2773,0.0025960909899065345
0,2836,2774,0.0
0,2837,2775,0.0
0,2838,2776,0.09298851983987001
0,2839,2777,0.0
0,2840,2778,0.0
0,2841,2779,0.2916283169705232
0,2842,2780,0.0
0,2843,2781,0.0
0,2844,2782,0.0
0,2845,2783,0.0
0,2846,2784,0.0
0,2847,2785,0.6058619454897246
0,2848,2786,0.0
0,2849,2787,0.0
0,2850,2788,0.09298851983987001
0,2851,2789,0.0
0,2852,2790,7.517008719604089e-05
0,2853,2791,0.09298851983987001
0,2854,2792,0.0
0,2855,2793,0.0
0,2856,2794,0.0
0,2857,2795,0.0
0,2858,2796,0.0
0,2859,2797,0.09298851983987001
0,2860,2798,0.0
0,2861,2799,0.0
0,2862,2800,0.0
0,2863,2801,0.0
0,2864,2802,0.0
0,2865,2803,0.0
0,2866,2804,0.09298851983987001
0,2867,2805,0.0
0,2868,2806,0.0
0,2869,2807,0.09298851983987001
0,2870,2808,0.0
0,2871,2809,0.0
0,2872,2810,0.0
0,2873,2811,0.0999659238482613
0,2874,2812,0.09298851983987001
0,2875,2813,0.0
0,2876,2814,0.0
0,2877,2815,0.0
0,2878,2816,0.002532160120906854
0,2879,2817,0.0944344161271235
0,2880,2818,6.960151462793154e-05
0,2881,2819,0.0
0,2882,2820,0.09298851983987001
0,2883,2821,0.0
0,2884,2822,0.0
0,2885,2823,0.09298851983987001
0,2886,2824,0.0
0,2887,2825,0.0
0,2888,2826,0.09298851983987001
0,2889,2827,0.09232328169179647
0,2890,2828,0.0
0,2892,2829,0.0
0,2893,2830,0.0015361117327047575
0,2894,2831,0.09298851983987001
0,2895,2832,0.09298851983987001
0,2896,2833,0.0
0,2897,2834,0.0
0,2898,2835,0.11269305214010718
0,2899,2836,0.0
0,2900,2837,0.09298851983987001
0,2901,2838,0.006379017501863864
0,2902,2839,0.0
0,2903,2840,0.0
0,2904,2841,0.09331261483140901
0,2905,2842,0.0
0,2906,2843,0.0
0,2907,2844,0.0
0,2908,2845,0.0
0,2909,2846,0.0715595627443452
0,2910,2847,0.0
0,2911,2848,0.09298851983987001
0,2912,2849,0.09298851983987001
0,2913,2850,0.0
0,2914,2851,0.0
0,2915,2852,0.09298851983987001
0,2916,2853,0.0
0,2917,2854,0.0
0,2918,2855,0.0
0,2919,2856,0.0
0,2920,2857,0.0
0,2921,2858,0.04541357447216954
0,2922,2859,0.0
0,2923,2860,0.0
0,2924,2861,0.046538671991898296
0,2925,2862,0.0
0,2926,2863,0.0
0,2927,2864,0.18760785880464492
0,2928,2865,1.0
0,2929,2866,0.0
0,2930,2867,0.10504738763607922
0,2931,2868,0.0
0,2932,2869,0.09298851983987001
0,2933,2870,0.010247097092619879
0,2934,2871,0.0
0,2935,2872,0.0
0,2936,2873,0.08328508931166843
0,2937,2874,0.003406456141944386
0,2939,2875,0.0
0,2940,2876,0.002125025188001413
0,2941,2877,0.0743098285157603
0,2942,2878,0.0
0,2943,2879,0.021285720485714168
0,2944,2880,0.0
0,2945,2881,0.028957444554830382
0,2946,2882,0.0
0,2947,2883,0.0
0,2948,2884,0.09298851983987001
0,2949,2885,0.06736407114439018
0,2950,2886,0.09298851983987001
0,2951,2887,0.0
0,2952,2888,0.0
0,2953,2889,0.09298851983986994
0,2955,2890,0.0
0,2956,2891,0.09298851983987001
0,2957,2892,0.0
0,2958,2893,0.09298851983986996
0,2959,2894,0.0
0,2960,2895,0.6184704962479729
0,2961,2896,0.0
0,2962,2897,0.00824306643818247
0,2963,2898,0.09298851983987
0,2964,2899,0.0
0,2965,2900,0.09298851983987001
0,2966,2901,0.0
0,2967,2902,0.09298851983987001
0,2968,2903,0.0
0,2969,2904,0.0
0,2970,2905,0.09298851983987001
0,2971,2906,0.05265175199915372
0,2973,2907,0.09298851983987001
0,2974,2908,0.07494945783327003
0,2975,2909,0.09298851983987001
0,2976,2910,0.09298851983987
0,2977,2911,0.09298851983987001
0,2978,2912,0.0
0,2979,2913,0.0
0,2980,2914,0.0
0,2981,2915,0.09298851983987001
0,2982,2916,0.0
0,2983,2917,0.0
0,2984,2918,0.004654747411212485
0,2985,2919,0.0
0,2986,2920,0.0
0,2987,2921,0.0
0,2988,2922,0.0
0,2989,2923,0.0
0,2990,2924,0.09298851983987001
0,2991,2925,0.0
0,2992,2926,0.09298851983987001
0,2993,2927,0.12176723761833437
0,2994,2928,0.054702552737590435
0,2995,2929,0.0
0,2996,2930,0.0
0,2997,2931,0.0
0,2998,2932,0.010812587002697098
0,2999,2933,0.0710796259574521
0,3000,2934,0.10838060317707475
0,3001,2935,0.172466014601044
0,3002,2936,0.0
0,3003,2937,0.047412334273605444
0,3004,2938,0.0
0,3006,2939,0.0
0,3007,2940,0.09298851983987001
0,3008,2941,0.0
0,3009,2942,0.0
0,3010,2943,0.09298851983986994
0,3011,2944,0.0
0,3012,2945,0.0
0,3014,2946,0.0
0,3015,2947,0.0
0,3016,2948,0.09298851983987001
0,3017,2949,0.0
0,3018,2950,0.0
0,3019,2951,0.09298851983987001
0,3020,2952,0.0
0,3021,2953,0.0
0,3022,2954,0.0
0,3023,2955,0.0
0,3024,2956,0.014882529763718871
0,3025,2957,0.0
0,3026,2958,0.0
0,3027,2959,0.0
0,3028,2960,0.0
0,3029,2961,0.0
0,3030,2962,0.11240887344696905
0,3031,2963,0.0
0,3032,2964,0.0
0,3033,2965,0.0
0,3034,2966,0.0
0,3035,2967,0.0
0,3036,2968,0.0
0,3037,2969,0.0
0,3038,2970,0.0
0,3039,2971,0.06499102502694126
0,3040,2972,0.09298851983987001
0,3041,2973,0.0
0,3042,2974,0.0
0,3043,2975,0.0
0,3044,2976,0.0
0,3045,2977,0.0
0,3046,2978,0.0
0,3047,2979,0.09298851983986996
0,3048,2980,0.09618583342992967
0,3049,2981,0.0
0,3050,2982,0.0
0,3051,2983,0.0012274176590644306
0,3052,2984,0.0
0,3053,2985,0.14189959962506113
0,3054,2986,0.0
0,3055,2987,0.09298851983987001
0,3056,2988,0.0
0,3057,2989,0.0
0,3058,2990,0.0
0,3059,2991,0.0
0,3060,2992,0.0
0,3061,2993,0.0
0,3062,2994,0.01139811421107578
0,3063,2995,0.0
0,3064,2996,0.09298851983987001
0,3065,2997,0.0
0,3066,2998,0.11112846750195722
0,3067,2999,0.0
0,3068,3000,0.0
0,3069,3001,0.0
0,3070,3002,0.0
0,3071,3003,0.0
0,3072,3004,0.09298851983987001
0,3073,3005,0.12445744095981681
0,3074,3006,0.0
0,3075,3007,0.0
0,3076,3008,0.0
0,3077,3009,0.0
0,3078,3010,0.014527701632901558
0,3079,3011,0.0
0,3080,3012,0.0
0,3081,3013,0.0
0,3082,3014,0.09298851983986996
0,3083,3015,0.0
0,3084,3016,0.0
0,3085,3017,0.0
0,3086,3018,0.09298851983987001
0,3087,3019,0.0
0,3088,3020,0.09087779148324586
0,3089,3021,0.0
0,3090,3022,0.025983324186972762
0,3091,3023,0.0
0,3092,3024,0.0
0,3093,3025,0.0
0,3094,3026,0.0
0,3095,3027,0.09298851983987001
0,3096,3028,0.09298851983987001
0,3097,3029,0.0
0,3098,3030,0.0
0,3099,3031,0.0
0,3100,3032,0.09298851983987001
0,3101,3033,0.0
0,3102,3034,0.060138548399455656
0,3103,3035,0.09298851983987001
0,3104,3036,0.0
0,3105,3037,0.0
0,3106,3038,0.0
0,3107,3039,0.04375592235619083
0,3108,3040,0.0
0,3109,3041,0.0
0,3110,3042,0.0
0,3111,3043,0.11854780144690086
0,3112,3044,0.0
0,3113,3045,0.0004955632978758581
0,3114,3046,0.0
0,3115,3047,0.100766221209686
0,3116,3048,0.0
0,3118,3049,0.0
0,3119,3050,0.09298851983987
0,3120,3051,0.09476013212157516
0,3121,3052,0.09298851983987001
0,3122,3053,0.0
0,3123,3054,0.0
0,3124,3055,0.0
0,3125,3056,0.04700827149201065
0,3127,3057,0.0
0,3128,3058,0.06793819871220408
0,3129,3059,0.09298851983986996
0,3130,3060,0.0
0,3131,3061,0.21739358836906586
0,3132,3062,0.0
0,3133,3063,0.0
0,3134,3064,0.09298851983987001
0,3135,3065,0.09783868226236551
0,3136,3066,0.0008188657343739909
0,3137,3067,0.09298851983987
0,3138,3068,0.0
0,3139,3069,0.0
0,3140,3070,0.0
0,3141,3071,0.0
0,3142,3072,0.09298851983987001
0,3143,3073,0.0
0,3144,3074,0.0
0,3145,3075,0.0
0,3146,3076,0.0
0,3147,3077,0.0
0,3148,3078,0.09298851983986994
0,3149,3079,0.0
0,3150,3080,0.09298851983986996
0,3151,3081,0.0
0,3152,3082,0.09298851983987001
0,3153,3083,0.0
0,3154,3084,0.0
0,3155,3085,0.09298851983987001
0,3156,3086,0.0
0,3157,3087,0.0
0,3158,3088,0.12901058781155714
0,3159,3089,0.0
0,3160,3090,0.1578030239819693
0,3161,3091,0.0
0,3163,3092,0.0
0,3164,3093,0.0
0,3165,3094,0.0
0,3166,3095,0.0
0,3167,3096,0.0
0,3168,3097,0.0
0,3169,3098,0.008380469295783146
0,3170,3099,0.07535488225074564
0,3171,3100,0.291728098800859
0,3172,3101,0.00428182733336081
0,3173,3102,0.0
0,3174,3103,0.09298851983987001
0,3175,3104,0.0
0,3176,3105,0.0
0,3177,3106,0.0
0,3178,3107,0.0
0,3180,3108,0.0
0,3181,3109,0.09298851983986994
0,3182,3110,0.09298851983987001
0,3183,3111,0.0
0,3184,3112,0.0
0,3185,3113,0.0
0,3186,3114,0.23352703109753398
0,3187,3115,0.0
0,3188,3116,0.0
0,3189,3117,0.0
0,3190,3118,0.0
0,3192,3119,0.07203565150402384
0,3193,3120,0.09298851983987
0,3194,3121,0.09298851983987001
0,3195,3122,0.0
0,3196,3123,0.0847650030363489
0,3197,3124,0.0
0,3198,3125,0.0
0,3199,3126,0.09298851983987001
0,3200,3127,0.0
0,3201,3128,0.09364124418952337
0,3202,3129,0.09298851983987001
0,3203,3130,0.011567462376505645
0,3204,3131,0.13515063388985685
0,3205,3132,0.09298851983987001
0,3206,3133,0.0
0,3207,3134,0.0
0,3208,3135,0.0
0,3209,3136,0.0
0,3210,3137,0.0
0,3211,3138,0.0
0,3212,3139,0.002712014202418349
0,3213,3140,0.24957832825233175
0,3214,3141,0.0
0,3215,3142,0.0
0,3216,3143,0.0
0,3217,3144,0.0
0,3218,3145,0.09090976921827082
0,3219,3146,0.0
0,3220,3147,0.0
0,3221,3148,0.0
0,3222,3149,0.17718124800414004
0,3223,3150,0.0
0,3224,3151,0.0
0,3225,3152,0.0
0,3226,3153,0.0
0,3227,3154,0.0
0,3228,3155,0.09298851983987001
0,3229,3156,0.0
0,3230,3157,0.0
0,3231,3158,0.0
0,3232,3159,0.0
0,3233,3160,0.1996964343191094
0,3234,3161,0.0
0,3235,3162,0.008476176985155681
0,3236,3163,0.0
0,3237,3164,0.0
0,3238,3165,0.09298851983987001
0,3239,3166,0.11018303700462823
0,3240,3167,0.09298851983986996
0,3241,3168,0.0
0,3242,3169,0.0
0,3243,3170,0.011791970330109392
0,3244,3171,0.09298851983987001
0,3245,3172,0.0
0,3246,3173,0.0
0,3247,3174,0.0
0,3248,3175,0.0
0,3249,3176,0.0
0,3250,3177,0.0
0,3251,3178,0.09298851983987001
0,3252,3179,0.0
0,3253,3180,0.0
0,3254,3181,0.0
0,3255,3182,0.09298851983987001
0,3257,3183,0.0
0,3258,3184,0.0
0,3259,3185,0.0
0,3260,3186,0.0
0,3261,3187,0.09298851983987001
0,3262,3188,0.0
0,3263,3189,0.0
0,3264,3190,0.0
0,3265,3191,0.0
0,3266,3192,0.0
0,3267,3193,0.09298851983987001
0,3268,3194,0.0
0,3269,3195,0.0
0,3270,3196,0.0
0,3271,3197,0.0
0,3272,3198,0.0
0,3273,3199,0.0
0,3274,3200,0.026521313480098944
0,3275,3201,0.01431278808340475
0,3276,3202,0.0
0,3277,3203,0.0
0,3278,3204,0.0
0,3279,3205,0.0
0,3280,3206,0.0
0,3281,3207,0.0
0,3282,3208,0.13282691524397355
0,3283,3209,0.0
0,3284,3210,0.0029889031461742236
0,3285,3211,0.0
0,3286,3212,0.0
0,3287,3213,0.0
0,3288,3214,0.0
0,3289,3215,0.11348072409746499
0,3290,3216,0.0
0,3291,3217,0.0
0,3292,3218,0.09298851983987001
0,3293,3219,0.0
0,3294,3220,0.0
0,3296,3221,0.09298851983987001
0,3298,3222,0.0
0,3299,3223,0.0
0,3300,3224,0.07866846771017721
0,3301,3225,0.0
0,3302,3226,0.09298851983987001
0,3303,3227,0.09298851983986996
0,3304,3228,0.18163606494971796
0,3305,3229,0.0
0,3306,3230,0.0
0,3307,3231,0.064694748904412
0,3308,3232,0.0
0,3309,3233,0.0
0,3310,3234,0.0
0,3311,3235,0.0919412488325229
0,3312,3236,0.15504515265429797
0,3313,3237,0.0
0,3315,3238,0.0
0,3316,3239,0.0
0,3317,3240,0.0
0,3318,3241,0.09298851983987
0,3320,3242,0.014956263773701819
0,3321,3243,0.0
0,3322,3244,0.0
0,3323,3245,0.1660493256727866
0,3324,3246,0.0
0,3325,3247,0.0
0,3326,3248,0.09298851983987001
0,3327,3249,0.0
0,3328,3250,0.0
0,3329,3251,0.0702474771941819
0,3330,3252,0.0
0,3331,3253,0.0
0,3332,3254,0.17050714848165913
0,3333,3255,0.09298851983987001
0,3334,3256,0.09298851983987001
0,3335,3257,0.0830124871185183
0,3336,3258,0.6948322126315253
0,3337,3259,0.1118359341102943
0,3338,3260,0.07312192050107048
0,3339,3261,0.0043962109124876326
0,3340,3262,0.09298851983987001
0,3341,3263,0.0
0,3342,3264,0.0
0,3343,3265,0.09298851983987001
0,3344,3266,0.0
0,3345,3267,0.0
0,3346,3268,0.0
0,3347,3269,0.09298851983986996
0,3348,3270,0.0
0,3349,3271,0.0
0,3350,3272,0.09298851983987001
0,3352,3273,0.0
0,3353,3274,0.0
0,3354,3275,0.09298851983987001
0,3355,3276,0.09298851983987001
0,3356,3277,0.0
0,3357,3278,0.0
0,3358,3279,0.09298851983986996
0,3359,3280,0.09298851983987
0,3360,3281,0.0
0,3361,3282,0.00732043486060342
0,3362,3283,0.0
0,3363,3284,0.09298851983987001
0,3364,3285,0.09298851983987001
0,3365,3286,0.0
0,3366,3287,0.09298851983987001
0,3367,3288,0.0
0,3368,3289,0.08782734610667722
0,3369,3290,0.09298851983987001
0,3370,3291,0.09298851983987001
0,3371,3292,0.0
0,3372,3293,0.12008588960278994
0,3373,3294,0.07062001551656327
0,3374,3295,0.14629747159908543
0,3375,3296,0.0
0,3376,3297,0.0
0,3378,3298,0.0
0,3379,3299,0.0
0,3380,3300,0.0
0,3381,3301,0.09524349282985656
0,3382,3302,0.06005806665941349
0,3383,3303,0.12439523461170736
0,3384,3304,0.0
0,3385,3305,0.0
0,3386,3306,0.0
0,3387,3307,0.0
0,3388,3308,0.2542702090532518
0,3389,3309,0.09298851983987001
0,3390,3310,0.0
0,3391,3311,0.002409214490826967
0,3392,3312,0.09298851983987001
0,3393,3313,0.2503314707846349
0,3394,3314,0.0
0,3395,3315,0.0
0,3396,3316,0.18309107461418095
0,3397,3317,0.012686618478126013
0,3398,3318,0.09298851983986996
0,3399,3319,0.0
0,3400,3320,0.0
0,3401,3321,0.014130238571077192
0,3402,3322,0.0
0,3403,3323,0.004553151931688036
0,3404,3324,0.09298851983987001
0,3405,3325,0.0
0,3406,3326,0.0
0,3407,3327,0.0
0,3408,3328,0.10970803315496319
0,3409,3329,0.009852258655975046
0,3410,3330,0.0
0,3411,3331,0.0
0,3412,3332,0.14222752409282133
0,3413,3333,0.0
0,3414,3334,0.0
0,3415,3335,0.11301627242461336
0,3416,3336,0.0
0,3417,3337,0.09298851983987001
0,3418,3338,0.0
0,3419,3339,0.0
0,3420,3340,0.0
0,3421,3341,0.0
0,3422,3342,0.07555934466886532
0,3423,3343,0.0
0,3424,3344,0.09298851983987001
0,3425,3345,0.0
0,3426,3346,0.0
0,3428,3347,0.0
0,3429,3348,0.054343473919920164
0,3430,3349,0.0
0,3431,3350,0.0
0,3432,3351,0.0
0,3433,3352,0.09298851983987001
0,3434,3353,0.09298851983987001
0,3435,3354,0.09298851983987001
0,3436,3355,0.0
0,3437,3356,0.09298851983987001
0,3438,3357,0.0
0,3439,3358,0.09003531731580436
0,3440,3359,0.0
0,3441,3360,0.008725438525126993
0,3442,3361,0.0
0,3443,3362,0.010040900580680594
0,3444,3363,0.0
0,3445,3364,0.0
0,3446,3365,0.0
0,3447,3366,0.0
0,3448,3367,0.0
0,3449,3368,0.3501393984613349
0,3450,3369,0.0
0,3451,3370,0.0
0,3452,3371,0.0
0,3453,3372,0.09298851983987001
0,3454,3373,0.0
0,3455,3374,0.0
0,3456,3375,0.0
0,3457,3376,0.16513840201900032
0,3458,3377,0.0
0,3459,3378,0.0
0,3460,3379,0.0
0,3461,3380,0.2013523266780422
0,3462,3381,0.0
0,3463,3382,0.009786486230522825
0,3464,3383,0.0
0,3465,3384,0.0
0,3466,3385,0.0
0,3467,3386,0.20811067247797474
0,3468,3387,0.0
0,3469,3388,0.09298851983987001
0,3470,3389,0.004427812637098007
0,3471,3390,0.0
0,3472,3391,0.0
0,3473,3392,0.0
1,3474,3393,0.09298851983987001
1,3475,3394,0.10471171843705943
1,3476,3395,0.09298851983987001
1,3478,3396,0.07031740677298323
1,3479,3397,0.09298851983987001
1,3480,3398,0.09298851983987001
1,3481,3399,0.0
1,3498,3400,0.09298851983987001
1,3500,3401,0.09298851983987001
1,3501,3402,0.09298851983986994
1,3502,3403,0.07774060319019495
1,3505,3404,0.0002744188047019609
1,3513,3405,0.0012019118309976487
1,3520,3406,0.09298851983987001
1,4126,3407,0.09298851983987001
1,4152,3408,0.003968881447542647
1,4229,3409,0.10903463872031474
1,4249,3410,0.09298851983987001
1,4292,3411,0.03625810285263872
1,4294,3412,0.09298851983987001
1,4336,3413,0.09298851983987001
1,4337,3414,0.09298851983986996
1,4340,3415,0.0
1,4344,3416,0.1350422254349541
1,4345,3417,0.07694240095942527
1,4347,3418,0.09298851983987001
1,4348,3419,0.08333993417641752
1,4393,3420,0.0
1,4394,3421,0.11345821219267352
1,4396,3422,0.09298851983987001
1,4398,3423,0.0820728638188151
1,4405,3424,0.09298851983987001
1,4463,3425,0.09298851983987001
1,4576,3426,0.09298851983987001
1,4621,3427,0.09298851983986996
1,4663,3428,0.09013636421829714
1,5855,3429,0.09298851983987001
1,5865,3430,0.09298851983987001
1,5955,3431,0.09298851983986996
1,6104,3432,0.09298851983986996
1,6136,3433,0.09298851983987001
1,7106,3434,0.09298851983987
1,7167,3435,0.09298851983987001
1,7609,3436,0.09298851983987001
1,7687,3437,0.09298851983987001
1,7918,3438,0.09298851983986996
1,7923,3439,0.021621719899910612
1,7925,3440,0.09298851983987001
1,7927,3441,0.09298851983987001
1,7929,3442,0.03174132723566619
1,7932,3443,0.09298851983987001
1,7933,3444,0.09298851983986996
1,7965,3445,0.09298851983987001
1,8126,3446,0.0
1,8304,3447,0.09298851983987001
1,8327,3448,0.0
1,8353,3449,0.09298851983987001
1,8360,3450,0.0
1,8369,3451,0.09298851983987001
1,8376,3452,0.09298851983987001
1,8922,3453,0.0
1,9489,3454,0.0
1,9491,3455,0.0
1,9492,3456,0.0
1,9493,3457,0.0
1,9494,3458,0.0
1,9495,3459,0.0
1,9500,3460,0.18183646076709495
1,9502,3461,0.0
1,9509,3462,0.0
1,9511,3463,0.0
1,9522,3464,0.0
1,9606,3465,0.19083438646545958
1,9689,3466,0.0
1,9694,3467,0.0
1,9704,3468,0.0
1,9716,3469,0.0
1,9729,3470,0.0
1,9765,3471,0.0
1,9768,3472,0.0
1,9777,3473,0.0
1,9786,3474,0.0
1,9787,3475,0.0
1,9795,3476,0.0
1,9802,3477,0.0
1,9818,3478,0.0
1,9833,3479,0.0
1,9881,3480,0.0
1,9883,3481,0.0
1,9886,3482,0.0
1,9888,3483,0.0
